Date_x,Name,Year,Letterboxd URI,Rating_x,Rewatch_x,Tags_x,Watched Date,Date_y,Rating_y,Rewatch_y,Tags_y,Letterboxd URI_y,Like
2023-02-17,(500) Days of Summer,2009,https://boxd.it/3RN6UX,5.0,,,2023-02-16,2023-02-17,5.0,,,https://boxd.it/1EmM,False
,Thor: Ragnarok,2017,,,,,,2023-02-17,,,,https://boxd.it/8MHi,False
2023-02-17,The Spectacular Now,2013,https://boxd.it/3RNzIL,2.0,,,2023-02-16,2023-02-17,2.0,,,https://boxd.it/4VSG,False
,The Social Network,2010,,,,,,2023-02-17,,,,https://boxd.it/17ue,False
,Coco,2017,,,,,,2023-02-17,,,,https://boxd.it/bYJQ,False
,The Queen's Gambit,2020,,,,,,2023-02-17,,,,https://boxd.it/s1Ym,False
2023-02-17,The Maze Runner,2014,https://boxd.it/3RNmaB,4.5,,,2023-02-16,2023-02-17,4.5,,,https://boxd.it/5YPM,False
2023-02-17,The First Time,2012,https://boxd.it/3RNkyr,3.5,,,2023-02-16,2023-02-17,3.5,,,https://boxd.it/2XLS,False
2023-02-17,The Edge of Seventeen,2016,https://boxd.it/3RNAHJ,5.0,Yes,,2023-05-05,2023-02-17,5.0,Yes,,https://boxd.it/d5nu,False
,The Devil Wears Prada,2006,,,,,,2023-02-17,,,,https://boxd.it/2awE,False
,The Breakfast Club,1985,,,,,,2023-02-17,,,,https://boxd.it/27q4,False
,The Batman,2022,,,,,,2023-02-17,,,,https://boxd.it/eDGs,False
,Titanic,1997,,,,,,2023-02-17,,,,https://boxd.it/2a2k,False
2023-02-17,The Amazing Spider-Man 2,2014,https://boxd.it/3RNbZD,3.0,,,2023-02-16,2023-02-17,3.0,,,https://boxd.it/3utM,False
2023-02-17,Tangled,2010,https://boxd.it/3RNcXN,5.0,,,2023-02-16,2023-02-17,5.0,,,https://boxd.it/15gO,False
,The Perks of Being a Wallflower,2012,,,,,,2023-02-17,,,,https://boxd.it/2ZA8,False
,Captain Marvel,2019,,,,,,2023-02-17,,,,https://boxd.it/9vSA,False
2023-02-17,"tick, tick... BOOM!",2021,https://boxd.it/3RN8R7,5.0,,,2023-02-16,2023-02-17,5.0,,,https://boxd.it/jz2e,False
,Avengers: Infinity War,2018,,,,,,2023-02-17,,,,https://boxd.it/9vEe,False
,Ant-Man and the Wasp,2018,,,,,,2023-02-17,,,,https://boxd.it/cqUW,False
2023-02-17,American Assassin,2017,https://boxd.it/3RNjaj,2.5,,,2023-02-16,2023-02-17,2.5,,,https://boxd.it/eFLE,False
,Black Panther,2018,,,,,,2023-02-17,,,,https://boxd.it/8MHs,False
,Back to the Future,1985,,,,,,2023-02-17,,,,https://boxd.it/2b8e,False
2023-02-17,10 Things I Hate About You,1999,https://boxd.it/3RN5Of,5.0,Yes,,2023-02-16,2023-02-17,5.0,Yes,,https://boxd.it/23AO,False
,Avengers: Endgame,2019,,,,,,2023-02-17,,,,https://boxd.it/9vE4,False
2023-02-17,The Amazing Spider-Man,2012,https://boxd.it/3RNabn,4.0,,,2023-02-16,2023-02-17,4.0,,,https://boxd.it/27PI,False
,Toy Story,1995,,,,,,2023-02-17,,,,https://boxd.it/29qA,False
,Big Hero 6,2014,,,,,,2023-02-17,,,,https://boxd.it/5rje,False
,Up,2009,,,,,,2023-02-17,,,,https://boxd.it/1OEc,False
,Spider-Man: Far From Home,2019,,,,,,2023-02-17,,,,https://boxd.it/fegG,False
,Turning Red,2022,,,,,,2023-02-17,,,,https://boxd.it/ipkq,False
,Shang-Chi and the Legend of the Ten Rings,2021,,,,,,2023-02-17,,,,https://boxd.it/kLDI,False
2023-02-17,Rogue One: A Star Wars Story,2016,https://boxd.it/3RNhGR,3.5,,,2023-02-16,2023-02-17,3.5,,,https://boxd.it/aPvy,False
,Return of the Jedi,1983,,,,,,2023-02-17,,,,https://boxd.it/27Vm,False
,Ratatouille,2007,,,,,,2023-02-17,,,,https://boxd.it/27ww,False
,Palm Springs,2020,,,,,,2023-02-17,,,,https://boxd.it/lCXQ,False
2023-02-17,Not Okay,2022,https://boxd.it/3RNpyL,1.5,,,2023-02-16,2023-02-17,1.5,,,https://boxd.it/vCEY,False
,Moana,2016,,,,,,2023-02-17,,,,https://boxd.it/8tfY,False
,Mean Girls,2004,,,,,,2023-02-17,,,,https://boxd.it/1VNg,False
2023-02-17,Maze Runner: The Scorch Trials,2015,https://boxd.it/3RNmUz,3.5,,,2023-02-16,2023-02-17,3.5,,,https://boxd.it/9hwA,False
2023-02-17,Maze Runner: The Death Cure,2018,https://boxd.it/3RNo25,4.0,,,2023-02-16,2023-02-17,4.0,,,https://boxd.it/bakw,False
2023-02-17,Not Another Teen Movie,2001,https://boxd.it/3RNC9f,4.5,,,2023-02-16,2023-02-17,4.5,,,https://boxd.it/1TWq,False
,La La Land,2016,,,,,,2023-02-17,,,,https://boxd.it/a5fa,False
,Whiplash,2014,,,,,,2023-02-17,,,,https://boxd.it/7bQA,False
,Luca,2021,,,,,,2023-02-17,,,,https://boxd.it/ipjC,False
,Star Wars: The Rise of Skywalker,2019,,,,,,2023-02-17,,,,https://boxd.it/5xlK,False
,Star Wars: The Force Awakens,2015,,,,,,2023-02-17,,,,https://boxd.it/4vru,False
,Star Wars,1977,,,,,,2023-02-17,,,,https://boxd.it/72s,False
,Spider-Man: Homecoming,2017,,,,,,2023-02-17,,,,https://boxd.it/aboM,False
,Zootopia,2016,,,,,,2023-02-17,,,,https://boxd.it/84xS,False
,Ferris Bueller's Day Off,1986,,,,,,2023-02-17,,,,https://boxd.it/1YPY,False
2023-02-17,Fresh,2022,https://boxd.it/3RNfjB,4.5,,,2023-02-16,2023-02-17,4.5,,,https://boxd.it/tCNi,False
,Inside Out,2015,,,,,,2023-02-17,,,,https://boxd.it/4KHC,False
2023-02-17,Jennifer's Body,2009,https://boxd.it/3RNdY3,4.0,,,2023-02-16,2023-02-17,4.0,,,https://boxd.it/1Efw,False
2023-02-17,Do Revenge,2022,https://boxd.it/3RNvqD,4.5,,,2023-02-16,2023-02-17,4.5,,,https://boxd.it/sFiA,False
,Daisy Jones & the Six,2023,,,,,,2023-04-01,,,,https://boxd.it/FmyA,False
2023-04-05,Daisy Jones & the Six,2023,https://boxd.it/44DMcb,4.5,,,2023-04-04,2023-04-04,,,,,False
2023-04-07,The Super Mario Bros. Movie,2023,https://boxd.it/45ctGV,3.5,,in theatres,2023-04-06,2023-04-07,3.5,,in theatres,https://boxd.it/i8C8,False
2023-04-10,The Menu,2022,https://boxd.it/46kpB3,1.0,,,2023-04-09,2023-04-10,1.0,,,https://boxd.it/lScm,False
2023-04-10,Prom Pact,2023,https://boxd.it/46i9Qn,4.0,,,2023-04-09,2023-04-10,4.0,,,https://boxd.it/z8X0,False
,Ready or Not,2019,,,,,,2023-04-12,,,,https://boxd.it/kOf0,False
,Pitch Perfect,2012,,,,,,2023-04-19,,,,https://boxd.it/3OsE,False
2023-05-08,Stuck in Love,2012,https://boxd.it/4dERQD,4.0,Yes,,2023-05-07,2023-05-08,4.0,Yes,,https://boxd.it/3L08,False
2023-05-11,The Hunger Games,2012,https://boxd.it/4ezKzf,4.0,,,2023-05-10,2023-05-11,4.0,,,https://boxd.it/2uds,False
2023-05-11,Missing,2023,https://boxd.it/4ezRRZ,3.0,,,2023-05-11,2023-05-11,3.0,,,https://boxd.it/sS1W,False
2023-05-11,The Hunger Games: Mockingjay – Part 1,2014,https://boxd.it/4ezLV7,3.5,,,2023-05-10,2023-05-11,3.5,,,https://boxd.it/4hka,False
2023-05-11,The Hunger Games: Catching Fire,2013,https://boxd.it/4ezLcB,5.0,,,2023-05-10,2023-05-11,5.0,,,https://boxd.it/3sAw,False
2023-05-11,The Hunger Games: Mockingjay – Part 2,2015,https://boxd.it/4ezNW7,3.5,,,2023-05-11,2023-05-11,3.5,,,https://boxd.it/4hk0,False
,Legally Blonde,2001,,,,,,2023-05-13,,,,https://boxd.it/1ZNa,False
,She's All That,1999,,,,,,2023-05-13,,,,https://boxd.it/1Wz0,False
,The Starving Games,2013,,,,,,2023-05-13,,,,https://boxd.it/6FCG,False
,How to Lose a Guy in 10 Days,2003,,,,,,2023-05-13,,,,https://boxd.it/1XwG,False
,Nerve,2016,,,,,,2023-05-13,,,,https://boxd.it/aJIc,False
,13 Going on 30,2004,,,,,,2023-05-13,,,,https://boxd.it/1X6e,False
2023-05-13,"Love, Rosie",2014,https://boxd.it/4eXSUN,4.5,,,2023-05-12,2023-05-13,4.5,,,https://boxd.it/62hE,False
2023-05-15,The Mortal Instruments: City of Bones,2013,https://boxd.it/4fvhGd,2.0,,,2023-05-14,2023-05-15,2.0,,,https://boxd.it/44va,False
2023-05-19,Juno,2007,https://boxd.it/4gp8fJ,4.0,,,2023-05-18,2023-05-19,4.0,,,https://boxd.it/210a,False
,Folklore: The Long Pond Studio Sessions,2020,,,,,,2023-05-24,,,,https://boxd.it/sRk4,False
2023-05-24,La La Land,2016,https://boxd.it/4hIK89,5.0,Yes,,2023-05-24,2023-05-24,,,,,False
2023-05-26,Everything Everywhere All at Once,2022,https://boxd.it/4i95KP,5.0,,i cry,2023-05-25,2023-05-26,5.0,,i cry,https://boxd.it/jUk4,False
2023-06-05,Spider-Man: Into the Spider-Verse,2018,https://boxd.it/4kOWC5,4.0,,,2023-06-05,2023-06-05,4.0,,,https://boxd.it/azpY,False
2023-06-11,A Walk to Remember,2002,https://boxd.it/4mhgYF,5.0,Yes,,2023-06-10,2023-06-11,5.0,Yes,,https://boxd.it/1WLq,False
2023-06-12,Spider-Man,2002,https://boxd.it/4mxJZf,3.5,,,2023-06-11,2023-06-12,3.5,,,https://boxd.it/2a8i,False
2023-06-12,Spider-Man 2,2004,https://boxd.it/4mA4kB,4.5,,,2023-06-11,2023-06-12,4.5,,,https://boxd.it/2a88,False
2023-06-16,Spider-Man 3,2007,https://boxd.it/4nH1Sj,3.5,,,2023-06-15,2023-06-16,3.5,,,https://boxd.it/2a7Y,False
2023-06-26,"Crazy, Stupid, Love.",2011,https://boxd.it/4qsU9F,5.0,Yes,,2023-06-25,2023-06-26,5.0,Yes,,https://boxd.it/D9A,False
2023-06-28,The Amazing Spider-Man,2012,https://boxd.it/4rcWql,4.0,Yes,,2023-06-27,2023-06-27,,,,,False
2023-06-29,The Amazing Spider-Man 2,2014,https://boxd.it/4rudcf,3.0,Yes,,2023-06-28,2023-06-28,,,,,False
2023-07-01,Hamilton,2020,https://boxd.it/4rRcX1,5.0,Yes,,2023-06-30,2023-07-01,5.0,Yes,,https://boxd.it/kmvE,False
2023-07-14,The Matrix,1999,https://boxd.it/4vMDLn,4.0,,,2023-07-13,2023-07-14,4.0,,,https://boxd.it/2a1m,False
2023-07-17,Inception,2010,https://boxd.it/4wKH9H,4.5,,,2023-07-16,2023-07-17,4.5,,,https://boxd.it/1skk,False
2023-07-22,Ghost in the Shell,1995,https://boxd.it/4yosKH,3.5,,,2023-07-21,2023-07-22,3.5,,,https://boxd.it/1YYc,False
2023-07-26,Ex Machina,2015,https://boxd.it/4AjH1v,5.0,,,2023-07-25,2023-07-26,5.0,,,https://boxd.it/7T2k,False
2023-07-30,Teen Beach Movie,2013,https://boxd.it/4BYmaH,4.0,Yes,,2023-07-29,2023-07-30,4.0,Yes,,https://boxd.it/5rKa,False
2023-07-31,Barbie,2023,https://boxd.it/4Cj4SN,5.0,,in theatres,2023-07-30,2023-07-31,5.0,,in theatres,https://boxd.it/bCLK,False
2023-08-01,Annihilation,2018,https://boxd.it/4CMII7,3.5,,,2023-07-31,2023-08-01,3.5,,,https://boxd.it/9yzm,False
2023-08-14,Twelve Monkeys,1995,https://boxd.it/4GZ0Lt,4.0,,,2023-08-13,2023-08-14,4.0,,,https://boxd.it/2beQ,False
2023-08-16,Minority Report,2002,https://boxd.it/4HNGHX,4.0,,,2023-08-16,2023-08-16,4.0,,,https://boxd.it/2aWi,False
2023-08-28,27 Dresses,2008,https://boxd.it/4LwrBH,3.5,Yes,,2023-08-28,2023-08-28,3.5,Yes,,https://boxd.it/21x4,False
2023-09-18,The Imitation Game,2014,https://boxd.it/4RxXLl,4.0,,,2023-09-17,2023-09-18,4.0,,,https://boxd.it/6aig,False
2023-09-19,Little Miss Sunshine,2006,https://boxd.it/4RUDKN,5.0,,,2023-09-18,2023-09-19,5.0,,,https://boxd.it/29EW,False
2023-09-21,Me Before You,2016,https://boxd.it/4SlHX1,2.5,,,2023-09-20,2023-09-21,2.5,,,https://boxd.it/9n98,False
2023-09-28,21 Jump Street,2012,https://boxd.it/4UnTA1,5.0,Yes,,2023-09-27,2023-09-28,5.0,Yes,,https://boxd.it/J0,False
2023-09-30,22 Jump Street,2014,https://boxd.it/4ULf3p,4.0,Yes,,2023-09-29,2023-09-30,4.0,Yes,,https://boxd.it/5Fvy,False
2023-10-17,Taylor Swift: The Eras Tour,2023,https://boxd.it/50xRsN,5.0,,in theatres,2023-10-16,2023-10-17,5.0,,in theatres,https://boxd.it/HTIi,False
2023-10-19,"Red, White & Royal Blue",2023,https://boxd.it/51boo3,4.0,,,2023-10-18,2023-10-19,4.0,,,https://boxd.it/z3iG,False
2023-10-30,The Other Zoey,2023,https://boxd.it/5516ED,2.5,,,2023-10-29,2023-10-30,2.5,,,https://boxd.it/ynHY,False
2023-11-02,The Rocky Horror Picture Show,1975,https://boxd.it/565ImJ,3.0,,,2023-11-01,2023-11-02,3.0,,,https://boxd.it/1a3q,False
2023-11-06,Ex Machina,2015,https://boxd.it/57w0xB,5.0,Yes,,2023-11-05,2023-11-05,,,,,False
2023-11-11,Bodies Bodies Bodies,2022,https://boxd.it/58UiUZ,4.0,,,2023-11-10,2023-11-11,4.0,,,https://boxd.it/iRcE,False
2023-11-13,(500) Days of Summer,2009,https://boxd.it/59wuod,5.0,Yes,,2023-11-12,2023-11-12,,,,,False
2023-11-14,Bottoms,2023,https://boxd.it/59YMG1,4.5,,,2023-11-13,2023-11-14,4.5,,,https://boxd.it/uGf2,False
,Hannah Montana: The Movie,2009,,,,,,2023-11-14,,,,https://boxd.it/1Hx4,False
2023-11-14,Starstruck,2010,https://boxd.it/59SNn3,4.0,Yes,,2023-11-13,2023-11-14,4.0,Yes,,https://boxd.it/1cjq,False
2023-11-20,Miss Americana,2020,https://boxd.it/5bRDPn,5.0,,,2023-11-19,2023-11-20,5.0,,,https://boxd.it/oifq,False
2023-11-21,Kung Fu Panda,2008,https://boxd.it/5cbY2B,4.5,Yes,,2023-11-20,2023-11-21,4.5,Yes,,https://boxd.it/1Yws,False
2023-11-23,Kung Fu Panda 2,2011,https://boxd.it/5cMf4L,4.0,Yes,,2023-11-22,2023-11-23,4.0,Yes,,https://boxd.it/G36,False
2023-11-29,The Hunger Games: The Ballad of Songbirds & Snakes,2023,https://boxd.it/5eYf6z,4.5,,in theatres,2023-11-28,2023-11-29,4.5,,in theatres,https://boxd.it/pZCY,False
2023-12-05,The Hunger Games,2012,https://boxd.it/5gQppD,4.0,Yes,,2023-12-04,2023-12-04,,,,,False
2023-12-09,The Hunger Games: Catching Fire,2013,https://boxd.it/5ifqvB,5.0,Yes,,2023-12-09,2023-12-09,,,,,False
2023-12-17,The Hunger Games: Mockingjay – Part 1,2014,https://boxd.it/5l1hlV,3.5,Yes,,2023-12-16,2023-12-16,,,,,False
2023-12-18,The Hunger Games: Mockingjay – Part 2,2015,https://boxd.it/5ljvWx,4.0,Yes,,2023-12-17,2023-12-17,,,,,False
2023-12-23,The Hunger Games: The Ballad of Songbirds & Snakes,2023,https://boxd.it/5npvKL,4.5,Yes,train time,2023-12-22,2023-12-22,,,,,False
2023-12-28,Saltburn,2023,https://boxd.it/5pZxuv,4.0,,,2023-12-27,2023-12-28,4.0,,,https://boxd.it/z4eg,False
2024-01-01,Taylor Swift: The Eras Tour,2023,https://boxd.it/5slYVF,5.0,Yes,,2023-12-31,2023-12-31,,,,,False
,Taylor Swift: Reputation Stadium Tour,2018,,,,,,2024-01-01,,,,https://boxd.it/kQ0w,False
2024-01-08,Diary of a Wimpy Kid,2010,https://boxd.it/5xgcwx,3.0,Yes,,2024-01-07,2024-01-08,3.0,Yes,,https://boxd.it/1fUa,False
2024-01-13,Mean Girls,2024,https://boxd.it/5zLcL3,3.5,,in theatres,2024-01-12,2024-01-13,3.5,,in theatres,https://boxd.it/p6nO,False
2024-01-28,The Queen's Gambit,2020,https://boxd.it/5HGRJf,5.0,Yes,,2024-01-28,2024-01-28,,,,,False
2024-02-04,Diary of a Wimpy Kid: Rodrick Rules,2011,https://boxd.it/5L1eGv,4.0,Yes,,2024-02-03,2024-02-04,4.0,Yes,,https://boxd.it/gm2,False
2024-03-15,Taylor Swift: The Eras Tour,2023,https://boxd.it/63nyqX,5.0,Yes,,2024-03-14,2024-03-14,,,,,False
,Princess Protection Program,2009,,,,,,2024-04-04,,,,https://boxd.it/1F5s,False
,Camp Rock 2: The Final Jam,2010,,,,,,2024-04-04,,,,https://boxd.it/Sru,False
,Lemonade Mouth,2011,,,,,,2024-04-04,,,,https://boxd.it/4bG,False
,Camp Rock,2008,,,,,,2024-04-04,,,,https://boxd.it/1PHw,False
,Geek Charming,2011,,,,,,2024-04-04,,,,https://boxd.it/2Q8k,False
,Descendants,2015,,,,,,2024-04-04,,,,https://boxd.it/8rMm,False
,High School Musical 2,2007,,,,,,2024-04-04,,,,https://boxd.it/1PIu,False
,High School Musical,2006,,,,,,2024-04-04,,,,https://boxd.it/1V0y,False
,High School Musical 3: Senior Year,2008,,,,,,2024-04-04,,,,https://boxd.it/1SR0,False
,Z-O-M-B-I-E-S,2018,,,,,,2024-04-04,,,,https://boxd.it/hp12,False
,Teen Beach 2,2015,,,,,,2024-04-04,,,,https://boxd.it/aArm,False
,Radio Rebel,2012,,,,,,2024-04-04,,,,https://boxd.it/39mq,False
2024-04-24,Theater Camp,2023,https://boxd.it/6kV0Td,4.0,,,2024-04-23,2024-04-24,4.0,,,https://boxd.it/Bfbm,False
2024-04-26,Música,2024,https://boxd.it/6lrI1j,3.5,,,2024-04-25,2024-04-26,3.5,,,https://boxd.it/AA9a,False
2024-04-26,Challengers,2024,https://boxd.it/6lAFsz,4.0,,in theatres,2024-04-25,2024-04-26,4.0,,in theatres,https://boxd.it/zld0,False
2024-04-28,West Side Story,2021,https://boxd.it/6mvWmn,4.5,,,2024-04-28,2024-04-28,4.5,,,https://boxd.it/iwt0,False
2024-05-18,Challengers,2024,https://boxd.it/6uJH3l,4.5,Yes,,2024-05-18,2024-05-18,,,,,False
2024-05-21,Emma.,2020,https://boxd.it/6w3ubl,3.0,,,2024-05-21,2024-05-21,3.0,,,https://boxd.it/kmg0,False
2024-05-25,Pinball: The Man Who Saved the Game,2022,https://boxd.it/6xrLOB,4.0,,,2024-05-24,2024-05-25,4.0,,,https://boxd.it/wi5Q,False
2024-05-26,Shiva Baby,2020,https://boxd.it/6xS07p,4.0,,,2024-05-25,2024-05-26,4.0,,,https://boxd.it/oIv0,False
2024-05-27,Nerve,2016,https://boxd.it/6yhKpJ,3.5,Yes,,2024-05-26,2024-05-26,,,,,False
2024-05-26,The Atlantic City Story,2020,https://boxd.it/6xLz3j,2.5,,,2024-05-25,2024-05-26,2.5,,,https://boxd.it/q8iS,False
2024-05-28,Up,2009,https://boxd.it/6yZw6L,5.0,Yes,,2024-05-27,2024-05-27,,,,,False
2024-05-28,Bao,2018,https://boxd.it/6z0qCj,5.0,Yes,,2024-05-27,2024-05-28,5.0,Yes,,https://boxd.it/iEl4,False
2024-05-28,Lava,2014,https://boxd.it/6yZRrF,4.0,Yes,,2024-05-27,2024-05-28,4.0,Yes,,https://boxd.it/8S9G,False
2024-05-29,Challengers,2024,https://boxd.it/6zpfcT,4.5,Yes,in theatres,2024-05-29,2024-05-29,,,,,False
2024-06-24,Challengers,2024,https://boxd.it/6JFKT7,4.5,Yes,in theatres,2024-06-23,2024-06-23,,,,,False
2024-06-24,Newsies,2017,https://boxd.it/6JOee5,5.0,,,2024-06-23,2024-06-24,5.0,,,https://boxd.it/gxzk,False
2024-06-26,Not Another Teen Movie,2001,https://boxd.it/6KtppF,3.5,Yes,,2024-06-25,2024-06-25,,,,,False
2024-06-25,Set It Up,2018,https://boxd.it/6KbLEV,4.0,Yes,,2024-06-24,2024-06-25,4.0,Yes,,https://boxd.it/dpik,False
2024-06-25,Sydney White,2007,https://boxd.it/6KbOQ1,2.5,,,2024-06-24,2024-06-25,2.5,,,https://boxd.it/1VsM,False
2024-07-01,Brokeback Mountain,2005,https://boxd.it/6Mycfl,4.0,,,2024-07-01,2024-07-01,4.0,,,https://boxd.it/2b2q,False
2024-07-07,Scott Pilgrim vs. the World,2010,https://boxd.it/6P11dJ,5.0,,,2024-07-06,2024-07-07,5.0,,,https://boxd.it/1Aq6,False
2024-07-08,Lisa Frankenstein,2024,https://boxd.it/6PldvZ,4.0,,,2024-07-07,2024-07-08,4.0,,,https://boxd.it/ByjY,False
2024-07-16,Anyone But You,2023,https://boxd.it/6T6zEl,3.0,,,2024-07-15,2024-07-16,3.0,,,https://boxd.it/EzA8,False
2024-08-01,Mamma Mia!,2008,https://boxd.it/70nzhN,5.0,Yes,,2024-08-01,2024-08-01,5.0,Yes,,https://boxd.it/1Tnq,False
2024-11-28,Mean Girls,2024,https://boxd.it/7V0Aab,,Yes,on stage,2024-08-03,2024-08-03,,,,,False
2024-08-07,Mamma Mia! Here We Go Again,2018,https://boxd.it/72KOqf,4.0,,,2024-08-05,2024-08-07,4.0,,,https://boxd.it/gnfO,False
2024-08-13,No Hard Feelings,2023,https://boxd.it/75CzqP,5.0,,,2024-08-12,2024-08-13,5.0,,,https://boxd.it/xouu,False
2024-08-16,The Last Five Years,2014,https://boxd.it/76TYlt,3.0,,,2024-08-16,2024-08-16,3.0,,,https://boxd.it/6boO,False
,Dear Evan Hansen,2021,,,,,,2024-08-20,,,,https://boxd.it/kOP8,False
2024-08-23,The Maze Runner,2014,https://boxd.it/7aa8wv,4.0,Yes,,2024-08-22,2024-08-22,,,,,False
2024-08-25,Maze Runner: The Scorch Trials,2015,https://boxd.it/7aTtK9,3.0,Yes,,2024-08-24,2024-08-24,,,,,False
2024-08-26,Maze Runner: The Death Cure,2018,https://boxd.it/7bht2p,4.0,Yes,,2024-08-25,2024-08-25,,,,,False
2024-08-27,Allegiant,2016,https://boxd.it/7cb7EN,2.0,,,2024-08-26,2024-08-27,2.0,,,https://boxd.it/7NNE,False
2024-08-27,Insurgent,2015,https://boxd.it/7c8g4X,3.0,,,2024-08-26,2024-08-27,3.0,,,https://boxd.it/7NNa,False
2024-08-28,Challengers,2024,https://boxd.it/7cAItd,4.5,Yes,,2024-08-27,2024-08-27,,,,,False
2024-08-27,Divergent,2014,https://boxd.it/7bVlfb,3.0,,,2024-08-26,2024-08-27,3.0,,,https://boxd.it/4VT0,False
2024-08-30,Pitch Perfect,2012,https://boxd.it/7dbioP,5.0,Yes,,2024-08-29,2024-08-29,,,,,False
2024-08-29,John Tucker Must Die,2006,https://boxd.it/7d05kj,3.5,,,2024-08-28,2024-08-29,3.5,,,https://boxd.it/1Z2S,False
2024-08-30,Pitch Perfect 2,2015,https://boxd.it/7deHS7,3.5,Yes,,2024-08-29,2024-08-30,3.5,Yes,,https://boxd.it/7tNa,False
2024-08-30,Pitch Perfect 3,2017,https://boxd.it/7dphVL,2.0,Yes,,2024-08-29,2024-08-30,2.0,Yes,,https://boxd.it/bUre,False
2024-08-31,Whiplash,2014,https://boxd.it/7dP74z,5.0,Yes,train time,2024-08-30,2024-08-30,,,,,False
2024-09-01,High School Musical 3: Senior Year,2008,https://boxd.it/7enlrb,5.0,Yes,,2024-09-01,2024-09-01,,,,,False
2024-09-03,Never Been Kissed,1999,https://boxd.it/7fiEoz,2.0,,,2024-09-02,2024-09-03,2.0,,,https://boxd.it/1U3c,False
2024-09-03,Baby Driver,2017,https://boxd.it/7fqQhV,4.0,Yes,,2024-09-03,2024-09-03,4.0,Yes,,https://boxd.it/bhF2,False
2024-09-04,Priscilla,2023,https://boxd.it/7fCC9n,3.0,,,2024-09-03,2024-09-04,3.0,,,https://boxd.it/Cz3k,False
2024-09-05,Diary of a Wimpy Kid: Dog Days,2012,https://boxd.it/7geMyD,3.5,Yes,,2024-09-04,2024-09-05,3.5,Yes,,https://boxd.it/2TG0,False
2024-09-09,The First Time,2012,https://boxd.it/7i9dHj,3.5,Yes,background noise,2024-09-08,2024-09-08,,,,,False
2024-09-10,American Assassin,2017,https://boxd.it/7iA90f,2.0,Yes,background noise,2024-09-09,2024-09-09,,,,,False
2024-09-13,Glee: The Concert Movie,2011,https://boxd.it/7jHJED,2.5,,background noise,2024-09-12,2024-09-13,2.5,,background noise,https://boxd.it/2fd8,False
2024-09-15,Everything Everywhere All at Once,2022,https://boxd.it/7kn6Z7,5.0,Yes,"in theatres, i cry",2024-09-14,2024-09-14,,,,,False
2024-09-15,Because I Said So,2007,https://boxd.it/7kFRKz,2.5,,,2024-09-14,2024-09-15,2.5,,,https://boxd.it/28ZE,False
2024-09-26,La La Land,2016,https://boxd.it/7ptSBp,5.0,Yes,background noise,2024-09-26,2024-09-26,,,,,False
2024-10-01,Arrival,2016,https://boxd.it/7ryxYb,4.0,,background noise,2024-09-30,2024-10-01,4.0,,background noise,https://boxd.it/aNGk,False
2024-10-04,Challengers,2024,https://boxd.it/7t2L1h,4.5,Yes,background noise,2024-10-03,2024-10-03,,,,,False
2024-10-15,Saturday Night,2024,https://boxd.it/7yAMvb,4.0,,in theatres,2024-10-14,2024-10-15,4.0,,in theatres,https://boxd.it/Gpfo,False
2024-10-17,Scream,1996,https://boxd.it/7zntWb,3.5,,,2024-10-16,2024-10-17,3.5,,,https://boxd.it/24EC,False
2024-10-18,The Fall Guy,2024,https://boxd.it/7zSyyb,4.0,,train time,2024-10-17,2024-10-18,4.0,,train time,https://boxd.it/s0Bm,False
2024-10-31,Wizards of Waverly Place: The Movie,2009,https://boxd.it/7GJB99,5.0,Yes,,2024-10-30,2024-10-31,5.0,Yes,,https://boxd.it/1thQ,False
2024-11-01,The Rocky Horror Picture Show,1975,https://boxd.it/7HkVVV,5.0,Yes,"in theatres, on stage",2024-10-31,2024-10-31,,,,,False
2024-11-05,Scream 2,1997,https://boxd.it/7JuihP,3.0,,,2024-11-04,2024-11-05,3.0,,,https://boxd.it/24Es,False
2024-11-07,"Red, White & Royal Blue",2023,https://boxd.it/7KrUc7,4.0,Yes,,2024-11-06,2024-11-06,,,,,False
2024-11-13,We Live in Time,2024,https://boxd.it/7NxVF9,4.5,,in theatres,2024-11-12,2024-11-13,4.5,,in theatres,https://boxd.it/FC5u,False
2024-11-22,Wicked,2024,https://boxd.it/7ROMar,5.0,,in theatres,2024-11-21,2024-11-22,5.0,,in theatres,https://boxd.it/e8ME,False
2024-11-28,The Hunger Games: The Ballad of Songbirds & Snakes,2023,https://boxd.it/7V0vkb,4.5,Yes,background noise,2024-11-27,2024-11-27,,,,,False
2024-11-28,42nd Street,2019,https://boxd.it/7V0Ebd,,,on stage,2024-01-04,2024-11-28,,,on stage,https://boxd.it/lTws,False
2024-12-16,Moulin Rouge!,2001,https://boxd.it/848AtJ,3.5,,,2024-12-15,2024-12-16,3.5,,,https://boxd.it/29wI,False
2024-12-28,Moulin Rouge!,2001,https://boxd.it/8cfl9F,3.5,Yes,,2024-12-27,2024-12-27,,,,,False
2024-12-27,Inside Out 2,2024,https://boxd.it/8bnqd5,3.0,,,2024-12-26,2024-12-27,3.0,,,https://boxd.it/CFrC,False
2024-12-30,Moulin Rouge!,2001,https://boxd.it/8dNRPP,4.5,Yes,on stage,2024-12-29,2024-12-29,,,,,False
2025-01-01,High School Musical 3: Senior Year,2008,https://boxd.it/8fYWZv,5.0,Yes,,2025-01-01,2025-01-01,,,,,False
2025-01-10,Everyone is Doing Great,2018,https://boxd.it/8p3jLl,3.0,,,2025-01-09,2025-01-10,3.0,,,https://boxd.it/hNaW,False
2025-01-19,Sixteen Candles,1984,https://boxd.it/8wMd3v,1.0,,,2025-01-18,2025-01-19,1.0,,,https://boxd.it/1MJk,False
2025-01-19,Mr. & Mrs. Smith,2005,https://boxd.it/8wZtel,5.0,Yes,,2025-01-18,2025-01-19,5.0,Yes,,https://boxd.it/29CG,False
2025-01-29,One of Them Days,2025,https://boxd.it/8ELzA7,4.0,,in theatres,2025-01-28,2025-01-29,4.0,,in theatres,https://boxd.it/MReU,False
2025-02-28,A Walk to Remember,2002,https://boxd.it/8YxgAz,5.0,Yes,i cry,2025-02-27,2025-02-27,,,,,False
2025-03-14,Mickey 17,2025,https://boxd.it/97gfp3,3.5,,in theatres,2025-03-13,2025-03-14,3.5,,in theatres,https://boxd.it/q1Dk,False
2025-03-23,Puppy Love,2023,https://boxd.it/9cK1OX,2.5,,,2025-03-22,2025-03-23,2.5,,,https://boxd.it/HeaE,False
2025-03-24,Bottled with Love,2019,https://boxd.it/9dvoBV,3.5,Yes,,2025-03-23,2025-03-24,3.5,Yes,,https://boxd.it/lA9a,False
2025-03-25,Bride Wars,2009,https://boxd.it/9e2Wp1,3.0,,,2025-03-24,2025-03-25,3.0,,,https://boxd.it/1W3I,False
2025-03-28,Back to the Future,1985,https://boxd.it/9fiGn5,4.5,Yes,background noise,2025-03-27,2025-03-27,,,,,False
2025-03-29,Back to the Future Part II,1989,https://boxd.it/9fKHGD,4.0,Yes,background noise,2025-03-28,2025-03-29,4.0,Yes,background noise,https://boxd.it/2aYI,False
2025-03-30,The Gorge,2025,https://boxd.it/9gIJaJ,3.0,,,2025-03-29,2025-03-30,3.0,,,https://boxd.it/zRqK,False
2025-03-30,Back to the Future Part III,1990,https://boxd.it/9gmB8V,3.0,Yes,background noise,2025-03-29,2025-03-30,3.0,Yes,background noise,https://boxd.it/2aTS,False
2025-03-31,Knives Out,2019,https://boxd.it/9hriYn,4.5,,,2025-03-30,2025-03-31,4.5,,,https://boxd.it/jWEA,False
2025-04-01,Death of a Unicorn,2025,https://boxd.it/9hRM5p,2.5,,in theatres,2025-03-31,2025-04-01,2.5,,in theatres,https://boxd.it/HCPm,False
2025-04-07,Glass Onion,2022,https://boxd.it/9lngkj,4.0,,,2025-04-06,2025-04-07,4.0,,,https://boxd.it/oCkK,False
2025-04-11,Snow White,2025,https://boxd.it/9ngAH7,1.5,,in theatres,2025-04-10,2025-04-11,1.5,,in theatres,https://boxd.it/fVuc,False
2025-04-29,Past Lives,2023,https://boxd.it/9y4rT9,4.5,,i cry,2025-04-28,2025-04-28,,,,,False
2025-05-04,Star Wars: Episode I – The Phantom Menace,1999,https://boxd.it/9B0gvp,2.0,,,2025-05-03,2025-05-03,,,,,False
2025-05-07,Star Wars: Episode II – Attack of the Clones,2002,https://boxd.it/9CP8pT,2.5,,,2025-05-06,2025-05-06,,,,,False
2025-05-07,Star Wars: Episode III – Revenge of the Sith,2005,https://boxd.it/9D2P2z,4.0,,,2025-05-06,2025-05-07,4.0,,,https://boxd.it/27US,False
2025-05-08,Solo: A Star Wars Story,2018,https://boxd.it/9DlvtX,1.5,,background noise,2025-05-07,2025-05-07,,,,,False
2025-05-09,Rogue One: A Star Wars Story,2016,https://boxd.it/9E0EFZ,4.0,Yes,,2025-05-08,2025-05-08,,,,,False
2025-05-10,Star Wars,1977,https://boxd.it/9EfWrB,3.5,Yes,,2025-05-09,2025-05-09,,,,,False
2025-05-11,The Empire Strikes Back,1980,https://boxd.it/9FbgdN,4.5,Yes,,2025-05-10,2025-05-11,4.5,Yes,,https://boxd.it/27Vw,False
2025-05-13,Return of the Jedi,1983,https://boxd.it/9GmVcR,4.5,Yes,,2025-05-12,2025-05-12,,,,,False
2025-05-15,Star Wars: The Force Awakens,2015,https://boxd.it/9H4xWz,3.0,Yes,,2025-05-14,2025-05-14,,,,,False
2025-05-15,Star Wars: The Last Jedi,2017,https://boxd.it/9HqCxt,3.0,Yes,,2025-05-14,2025-05-15,3.0,Yes,,https://boxd.it/5xme,False
2025-05-17,Star Wars: The Rise of Skywalker,2019,https://boxd.it/9I8qLV,1.0,Yes,,2025-05-16,2025-05-16,,,,,False
2025-05-17,Star Wars: The Clone Wars,2008,https://boxd.it/9IrZ7p,2.5,,,2025-05-16,2025-05-17,2.5,,,https://boxd.it/1Sly,False
2025-05-19,Another Simple Favor,2025,https://boxd.it/9JDZKT,1.5,,,2025-05-18,2025-05-18,,,,,False
2025-05-18,A Simple Favor,2018,https://boxd.it/9J5OYx,3.5,,,2025-05-17,2025-05-18,3.5,,,https://boxd.it/hq92,False
2025-05-20,When Harry Met Sally...,1989,https://boxd.it/9KomKf,5.0,,,2025-05-19,2025-05-20,5.0,,,https://boxd.it/29W2,False
2025-05-21,Sinners,2025,https://boxd.it/9KT9K9,4.0,,in theatres,2025-05-20,2025-05-21,4.0,,in theatres,https://boxd.it/KQMM,False
2025-05-22,Jumper,2008,https://boxd.it/9LsBhJ,3.5,,,2025-05-21,2025-05-22,3.5,,,https://boxd.it/20ss,False
2025-05-23,Trainspotting,1996,https://boxd.it/9M04dR,4.0,,,2025-05-22,2025-05-23,4.0,,,https://boxd.it/29XY,False
2025-05-25,Eternal Sunshine of the Spotless Mind,2004,https://boxd.it/9NkLNn,4.5,,i cry,2025-05-24,2025-05-25,4.5,,i cry,https://boxd.it/6YK,False
2025-05-25,T2 Trainspotting,2017,https://boxd.it/9MV3Y7,3.0,,,2025-05-24,2025-05-25,3.0,,,https://boxd.it/5vTA,False
2025-05-25,Worth the Wait,2025,https://boxd.it/9N1ANX,2.5,,,2025-05-24,2025-05-25,2.5,,,https://boxd.it/HaXM,False
2025-05-28,Grease 2,1982,https://boxd.it/9Pq0pj,3.5,,,2025-05-27,2025-05-28,3.5,,,https://boxd.it/1Zk8,False
2025-05-28,Grease,1978,https://boxd.it/9PcbDt,3.5,Yes,,2025-05-27,2025-05-28,3.5,Yes,,https://boxd.it/29YW,False
2025-05-30,Notting Hill,1999,https://boxd.it/9Qwm1p,3.0,,,2025-05-29,2025-05-30,3.0,,,https://boxd.it/2aeK,False
2025-05-31,Step Up,2006,https://boxd.it/9R2uCH,4.0,,,2025-05-30,2025-05-31,4.0,,,https://boxd.it/1XS8,False
2025-06-01,Step Up 2: The Streets,2008,https://boxd.it/9RziFl,2.5,,,2025-05-31,2025-06-01,2.5,,,https://boxd.it/20mk,False
2025-06-02,Step Up Revolution,2012,https://boxd.it/9Szj9p,3.0,,,2025-06-01,2025-06-02,3.0,,,https://boxd.it/31yo,False
2025-06-02,Step Up 3D,2010,https://boxd.it/9SfOol,2.5,,,2025-06-01,2025-06-02,2.5,,,https://boxd.it/ZS8,False
2025-06-03,Step Up All In,2014,https://boxd.it/9Tcyl9,2.0,,,2025-06-02,2025-06-03,2.0,,,https://boxd.it/79Wc,False
2025-06-04,But I'm a Cheerleader,1999,https://boxd.it/9TKmtt,3.5,,,2025-06-03,2025-06-04,3.5,,,https://boxd.it/1CW4,False
2025-06-06,Dead Poets Society,1989,https://boxd.it/9UQasf,5.0,,i cry,2025-06-05,2025-06-06,5.0,,i cry,https://boxd.it/2aSg,False
2025-06-06,One Direction: This Is Us,2013,https://boxd.it/9UGWkj,5.0,Yes,background noise,2025-06-05,2025-06-06,5.0,Yes,background noise,https://boxd.it/57km,False
2025-06-08,I Am Love,2009,https://boxd.it/9VSIsV,3.5,,,2025-06-07,2025-06-08,3.5,,,https://boxd.it/10ac,False
2025-06-08,A Bigger Splash,2015,https://boxd.it/9W6yfv,3.5,,,2025-06-07,2025-06-08,3.5,,,https://boxd.it/azgs,False
2025-06-09,Call Me by Your Name,2017,https://boxd.it/9WR06X,4.0,,,2025-06-08,2025-06-09,4.0,,,https://boxd.it/dYmm,False
2025-06-10,Suspiria,2018,https://boxd.it/9Xt8HD,4.0,,,2025-06-09,2025-06-10,4.0,,,https://boxd.it/cioI,False
2025-06-12,While You Were Sleeping,1995,https://boxd.it/9YmI3z,4.5,,,2025-06-11,2025-06-12,4.5,,,https://boxd.it/27wm,False
2025-06-12,Bones and All,2022,https://boxd.it/9YBWQl,4.5,,,2025-06-11,2025-06-12,4.5,,,https://boxd.it/tLd4,False
2025-06-13,Challengers,2024,https://boxd.it/9YZa3X,4.5,Yes,background noise,2025-06-12,2025-06-12,,,,,False
2025-06-13,Queer,2024,https://boxd.it/9ZbxqJ,3.0,,,2025-06-12,2025-06-13,3.0,,,https://boxd.it/E4RW,False
2025-06-14,Bedtime Stories,2008,https://boxd.it/9ZFzZB,3.0,Yes,,2025-06-13,2025-06-14,3.0,Yes,,https://boxd.it/1WPM,False
2025-06-15,Materialists,2025,https://boxd.it/a0hbVB,4.5,,in theatres,2025-06-14,2025-06-15,4.5,,in theatres,https://boxd.it/GZlW,False
2025-06-16,Sleepless in Seattle,1993,https://boxd.it/a11JyX,3.5,,,2025-06-15,2025-06-16,3.5,,,https://boxd.it/29re,False
2025-06-18,Bridesmaids,2011,https://boxd.it/a2iouX,4.5,,train time,2025-06-17,2025-06-18,4.5,,train time,https://boxd.it/rac,False
2025-06-26,Can't Buy Me Love,1987,https://boxd.it/a7xhYB,2.5,,,2025-06-25,2025-06-26,2.5,,,https://boxd.it/1R4c,False
2025-06-30,Tangled,2010,https://boxd.it/aarfeh,5.0,Yes,,2025-06-29,2025-06-29,,,,,False
2025-07-02,Fantastic Four,2005,https://boxd.it/abLGox,3.5,,,2025-07-01,2025-07-02,3.5,,,https://boxd.it/1XVw,False
2025-07-03,Fantastic Four: Rise of the Silver Surfer,2007,https://boxd.it/acoUtz,2.0,,,2025-07-02,2025-07-03,2.0,,,https://boxd.it/27Ii,False
2025-07-04,Fantastic Four,2015,https://boxd.it/acKQGX,0.5,Yes,,2025-07-03,2025-07-04,0.5,Yes,,https://boxd.it/5a9c,False
2025-07-04,A Nice Indian Boy,2024,https://boxd.it/acXAFZ,4.5,,in theatres,2025-07-03,2025-07-04,4.5,,in theatres,https://boxd.it/GG6o,False
2025-07-05,About Time,2013,https://boxd.it/adq3of,4.5,,i cry,2025-07-04,2025-07-05,4.5,,i cry,https://boxd.it/43bI,False
2025-07-06,Date Night,2010,https://boxd.it/aefDAj,4.0,,,2025-07-05,2025-07-06,4.0,,,https://boxd.it/2l5a,False
2025-07-08,Confessions of a Teenage Drama Queen,2004,https://boxd.it/afXawT,2.5,,,2025-07-07,2025-07-08,2.5,,,https://boxd.it/1UyE,False
2025-07-08,Chicago,2002,https://boxd.it/afTsHx,4.5,,background noise,2025-07-06,2025-07-08,4.5,,background noise,https://boxd.it/28zm,False
2025-07-10,Wimbledon,2004,https://boxd.it/ahlj0T,4.5,,,2025-07-09,2025-07-10,4.5,,,https://boxd.it/1T0m,False
2025-07-10,The Princess Bride,1987,https://boxd.it/agYjeF,4.0,,,2025-07-08,2025-07-10,4.0,,,https://boxd.it/26EY,False
2025-07-11,When a Man Loves a Woman,1994,https://boxd.it/ai2B17,4.5,,i cry,2025-07-10,2025-07-11,4.5,,i cry,https://boxd.it/1WeG,False
2025-07-14,KPop Demon Hunters,2025,https://boxd.it/ak8Jhd,4.0,,,2025-07-13,2025-07-14,4.0,,,https://boxd.it/ufwK,False
2025-07-16,Zootopia,2016,https://boxd.it/alY9w5,3.5,Yes,,2025-07-15,2025-07-15,,,,,False
2025-07-15,Freaky Friday,2003,https://boxd.it/alcylv,4.5,,,2025-07-14,2025-07-15,4.5,,,https://boxd.it/1WwK,False
2025-07-17,Bring It On Again,2004,https://boxd.it/amGxt3,1.5,,,2025-07-16,2025-07-17,1.5,,,https://boxd.it/1RKW,False
2025-07-17,Bring It On,2000,https://boxd.it/amwvxx,4.0,Yes,,2025-07-16,2025-07-17,4.0,Yes,,https://boxd.it/28x6,False
2025-07-18,Bring It On: All or Nothing,2006,https://boxd.it/annbqH,3.0,,,2025-07-17,2025-07-18,3.0,,,https://boxd.it/1Umo,False
2025-07-19,Bring It On: In It to Win It,2007,https://boxd.it/anYd2V,2.0,,,2025-07-18,2025-07-19,2.0,,,https://boxd.it/1My2,False
2025-07-20,Bring It On: Fight to the Finish,2009,https://boxd.it/aoUWtD,1.5,,,2025-07-19,2025-07-20,1.5,,,https://boxd.it/1BPQ,False
2025-07-21,Bring It On: Cheer Or Die,2022,https://boxd.it/apQKnz,2.0,,,2025-07-20,2025-07-21,2.0,,,https://boxd.it/vlq6,False
2025-07-21,Bring It On: Worldwide #Cheersmack,2017,https://boxd.it/apz7dV,0.5,,,2025-07-20,2025-07-21,0.5,,,https://boxd.it/gJD4,False
2025-07-22,D.E.B.S.,2004,https://boxd.it/aqEr5B,4.5,,,2025-07-21,2025-07-22,4.5,,,https://boxd.it/2aaS,False
2025-07-23,She's the Man,2006,https://boxd.it/arpSbv,5.0,Yes,,2025-07-22,2025-07-23,5.0,Yes,,https://boxd.it/1Y7W,False
2025-07-24,The Breakfast Club,1985,https://boxd.it/asaewx,4.5,Yes,,2025-07-23,2025-07-23,,,,,False
2025-07-25,Monte Carlo,2011,https://boxd.it/asXFHb,3.5,,,2025-07-24,2025-07-25,3.5,,,https://boxd.it/hqk,False
2025-07-26,The Nanny Diaries,2007,https://boxd.it/atDtB5,3.0,,,2025-07-25,2025-07-26,3.0,,,https://boxd.it/1RZM,False
2025-07-27,Confessions of a Shopaholic,2009,https://boxd.it/auHJwd,4.0,Yes,,2025-07-26,2025-07-27,4.0,Yes,,https://boxd.it/1E9e,False
2025-07-28,When in Rome,2010,https://boxd.it/avEWIT,4.0,,,2025-07-27,2025-07-28,4.0,,,https://boxd.it/1Q5S,False
2025-07-28,Booksmart,2019,https://boxd.it/avhXBX,3.5,,,2025-07-27,2025-07-28,3.5,,,https://boxd.it/igNS,False
2025-07-29,He's Just Not That Into You,2009,https://boxd.it/awv4XB,3.0,Yes,,2025-07-28,2025-07-29,3.0,Yes,,https://boxd.it/1WSG,False
2025-07-30,The Fantastic 4: First Steps,2025,https://boxd.it/axeNjh,4.0,,in theatres,2025-07-29,2025-07-30,4.0,,in theatres,https://boxd.it/mP6C,False
2025-07-31,Death Becomes Her,1992,https://boxd.it/ay5KZl,4.5,,,2025-07-30,2025-07-31,4.5,,,https://boxd.it/1YQi,False
2025-08-01,The Rules of Attraction,2002,https://boxd.it/ayQxEX,2.5,,,2025-07-31,2025-08-01,2.5,,,https://boxd.it/286Y,False
2025-08-03,No Hard Feelings,2023,https://boxd.it/aAmZ6R,5.0,Yes,,2025-08-02,2025-08-02,,,,,False
2025-08-02,"I, Tonya",2017,https://boxd.it/azjhPN,4.5,,,2025-08-01,2025-08-02,4.5,,,https://boxd.it/dzR0,False
2025-08-05,The Perks of Being a Wallflower,2012,https://boxd.it/aC8yop,4.5,Yes,i cry,2025-08-04,2025-08-04,,,,,False
2025-08-06,The Cheetah Girls,2003,https://boxd.it/aCUlox,4.0,,,2025-08-05,2025-08-06,4.0,,,https://boxd.it/1hkS,False
2025-08-09,The Cheetah Girls 2,2006,https://boxd.it/aEyUtV,4.5,,,2025-08-08,2025-08-09,4.5,,,https://boxd.it/17Ws,False
2025-08-10,The Cheetah Girls: One World,2008,https://boxd.it/aFsHRR,2.5,,,2025-08-09,2025-08-10,2.5,,,https://boxd.it/1rns,False
2025-08-11,My Old Ass,2024,https://boxd.it/aGOfz9,4.0,,,2025-08-10,2025-08-11,4.0,,,https://boxd.it/zLP0,False
2025-08-12,She's Out of My League,2010,https://boxd.it/aHz5Jn,3.5,Yes,,2025-08-11,2025-08-12,3.5,Yes,,https://boxd.it/1eww,False
2025-08-15,Gilmore Girls: A Year in the Life,2016,https://boxd.it/aJxBmz,3.0,,,2025-08-14,2025-08-15,3.0,,,https://boxd.it/f9og,False
2025-08-15,Wild Child,2008,https://boxd.it/aJDRgp,3.5,,,2025-08-14,2025-08-15,3.5,,,https://boxd.it/1P0C,False
2025-08-17,Ice Princess,2005,https://boxd.it/aKLROV,3.5,,,2025-08-16,2025-08-17,3.5,,,https://boxd.it/1QjA,False
2025-08-18,You've Got Mail,1998,https://boxd.it/aLLVoL,4.5,,,2025-08-17,2025-08-18,4.5,,,https://boxd.it/1Yye,False
2025-08-18,The Virgin Suicides,1999,https://boxd.it/aM5oGn,4.0,,,2025-08-17,2025-08-18,4.0,,,https://boxd.it/28JG,False
2025-08-18,Pretty in Pink,1986,https://boxd.it/aLDoFD,2.5,,,2025-08-17,2025-08-18,2.5,,,https://boxd.it/1TEw,False
2025-08-19,Fantastic Mr. Fox,2009,https://boxd.it/aMOpXJ,4.0,,,2025-08-18,2025-08-19,4.0,,,https://boxd.it/1WyQ,False
2025-08-20,Drive,2011,https://boxd.it/aNtw3Z,3.5,,,2025-08-19,2025-08-20,3.5,,,https://boxd.it/IG,False
2025-08-22,10 Things I Hate About You,1999,https://boxd.it/aOy46F,5.0,Yes,,2025-08-21,2025-08-21,,,,,False
2025-08-22,She's All That,1999,https://boxd.it/aONye5,3.5,Yes,background noise,2025-08-21,2025-08-21,,,,,False
2025-08-21,Superbad,2007,https://boxd.it/aO8NuF,4.5,,,2025-08-20,2025-08-21,4.5,,,https://boxd.it/20hO,False
2025-08-23,The Map That Leads to You,2025,https://boxd.it/aPoztT,3.0,,"train time, i cry",2025-08-22,2025-08-23,3.0,,"train time, i cry",https://boxd.it/O5uk,False
2025-09-01,Wicked,2024,https://boxd.it/aVKaa1,5.0,Yes,background noise,2025-08-31,2025-08-31,,,,,False
2025-09-02,Zombieland: Double Tap,2019,https://boxd.it/aWEkYd,3.5,,,2025-09-01,2025-09-02,3.5,,,https://boxd.it/bgb6,False
2025-09-02,Zombieland,2009,https://boxd.it/aWqtLJ,4.5,,,2025-09-01,2025-09-02,4.5,,,https://boxd.it/1En6,False
2025-09-03,The Roses,2025,https://boxd.it/aX8gxd,4.0,,in theatres,2025-09-02,2025-09-03,4.0,,in theatres,https://boxd.it/MjnI,False
2025-09-04,Stay the Night,2022,https://boxd.it/aXPeql,4.5,,,2025-09-03,2025-09-04,4.5,,,https://boxd.it/zd58,False
2025-10-04,Taylor Swift | The Official Release Party of a Showgirl,2025,https://boxd.it/bfNxH9,3.5,,in theatres,2025-10-03,2025-10-04,3.5,,in theatres,https://boxd.it/XHN8,False
,The Longest Ride,2015,,,,,,2025-10-18,,,,https://boxd.it/6JCA,False
,The Notebook,2004,,,,,,2025-10-18,,,,https://boxd.it/1UNE,False
,The Last Song,2010,,,,,,2025-10-18,,,,https://boxd.it/1c5I,False
2025-11-02,Girl vs. Monster,2012,https://boxd.it/bzr7yL,3.5,,,2025-10-31,2025-11-02,3.5,,,https://boxd.it/4r7K,False
,5 Seconds of Summer: How Did We End Up Here?,2015,,,,,,2025-11-03,,,,https://boxd.it/cZz0,False
,5 Seconds of Summer Live: On the Record,2018,,,,,,2025-11-03,,,,https://boxd.it/qL6m,False
2025-11-03,Cruel Intentions,1999,https://boxd.it/bAkXVd,4.0,,,2025-11-02,2025-11-03,4.0,,,https://boxd.it/29Be,False
,The 5 Seconds of Summer Show,2021,,,,,,2025-11-03,,,,https://boxd.it/yjgY,False
,The 5 Seconds of Summer Show (Live & Backstage In Amsterdam),2023,,,,,,2025-11-03,,,,https://boxd.it/KllU,False
,On the Record: 5 Seconds of Summer - Youngblood,2018,,,,,,2025-11-03,,,,https://boxd.it/mdBW,False
2025-11-06,Thank You for Smoking,2005,https://boxd.it/bCl9gJ,3.0,,,2025-11-05,2025-11-06,3.0,,,https://boxd.it/1YOc,False
2025-11-07,First Daughter,2004,https://boxd.it/bCRiYz,2.5,,,2025-11-06,2025-11-07,2.5,,,https://boxd.it/1P0W,False
2025-11-09,Twilight,2008,https://boxd.it/bElfP9,3.0,,,2025-11-08,2025-11-09,3.0,,,https://boxd.it/1Zui,False
2025-11-11,The Twilight Saga: New Moon,2009,https://boxd.it/bFXnBf,2.5,,,2025-11-10,2025-11-11,2.5,,,https://boxd.it/1Hj2,False
,Raya and the Last Dragon,2021,,,,,,2025-11-12,,,,https://boxd.it/jbkI,False
,Ice Age: The Meltdown,2006,,,,,,2025-11-12,,,,https://boxd.it/2wRk,False
,Ice Age: Continental Drift,2012,,,,,,2025-11-12,,,,https://boxd.it/lQ2,False
,Ice Age,2002,,,,,,2025-11-12,,,,https://boxd.it/2apS,False
,Frozen,2013,,,,,,2025-11-12,,,,https://boxd.it/3GNa,False
,Frozen II,2019,,,,,,2025-11-12,,,,https://boxd.it/aPvo,False
,Wreck-It Ralph,2012,,,,,,2025-11-12,,,,https://boxd.it/2TTS,False
,Encanto,2021,,,,,,2025-11-12,,,,https://boxd.it/kPRu,False
2025-11-16,The Twilight Saga: Eclipse,2010,https://boxd.it/bJlILb,2.0,,,2025-11-15,2025-11-16,2.0,,,https://boxd.it/1ytW,False
,Heathers,1989,,,,,,2025-11-16,,,,https://boxd.it/26x4,False
2025-11-17,The Twilight Saga: Breaking Dawn – Part 1,2011,https://boxd.it/bKaEcN,3.0,,,2025-11-16,2025-11-17,3.0,,,https://boxd.it/DdM,False
,Easy A,2010,,,,,,2025-11-17,,,,https://boxd.it/17DK,False
,Friends with Benefits,2011,,,,,,2025-11-17,,,,https://boxd.it/DoK,False
,Gangster Squad,2013,,,,,,2025-11-17,,,,https://boxd.it/2TVa,False
,The Lego Batman Movie,2017,,,,,,2025-11-17,,,,https://boxd.it/azp0,False
2025-11-21,The Twilight Saga: Breaking Dawn – Part 2,2012,https://boxd.it/bMG99l,2.5,,,2025-11-20,2025-11-21,2.5,,,https://boxd.it/DdC,False
2025-11-22,Wicked: For Good,2025,https://boxd.it/bNgTkB,4.5,,"in theatres, i cry",2025-11-21,2025-11-22,4.5,,"in theatres, i cry",https://boxd.it/AyfK,False
2025-11-23,Wicked,2024,https://boxd.it/bOcY0x,5.0,Yes,,2025-11-22,2025-11-22,,,,,False
,The Greatest Showman,2017,,,,,,2025-11-24,,,,https://boxd.it/acjI,False
,All Too Well: The Short Film,2021,,,,,,2025-11-25,,,,https://boxd.it/xTmc,False
,The Internship,2013,,,,,,2025-11-25,,,,https://boxd.it/3SWS,False
,Two Night Stand,2014,,,,,,2025-11-27,,,,https://boxd.it/8T3E,False
,That Awkward Moment,2014,,,,,,2025-11-27,,,,https://boxd.it/6Ftu,False
2025-11-30,Happiest Season,2020,https://boxd.it/bSrAc1,3.0,,background noise,2025-11-28,2025-11-30,3.0,,background noise,https://boxd.it/iS3I,False
2025-12-01,A Very Jonas Christmas Movie,2025,https://boxd.it/bTKZQ3,3.5,,background noise,2025-11-30,2025-12-01,3.5,,background noise,https://boxd.it/SJ3c,False
,Macbeth,2015,,,,,,2025-12-11,,,,https://boxd.it/6FE8,False
,The Shack,2017,,,,,,2025-12-11,,,,https://boxd.it/bAKK,False
,The Prince of Egypt,1998,,,,,,2025-12-11,,,,https://boxd.it/1XGQ,False
,Planet of the Apes,2001,,,,,,2025-12-11,,,,https://boxd.it/29ps,False
,Life of Pi,2012,,,,,,2025-12-11,,,,https://boxd.it/37pC,False
,Mad City,1997,,,,,,2025-12-11,,,,https://boxd.it/1XQQ,False
,The Outsiders,1983,,,,,,2025-12-11,,,,https://boxd.it/2aPw,False
,Holes,2003,,,,,,2025-12-11,,,,https://boxd.it/20mE,False
,"I, Robot",2004,,,,,,2025-12-11,,,,https://boxd.it/27y8,False
,Romeo and Juliet,1968,,,,,,2025-12-11,,,,https://boxd.it/22cQ,False
,Romeo + Juliet,1996,,,,,,2025-12-11,,,,https://boxd.it/2ama,False
,Bridge to Terabithia,2007,,,,,,2025-12-11,,,,https://boxd.it/28YG,False
,Midnight Sun,2018,,,,,,2025-12-19,,,,https://boxd.it/eP1m,False
,Five Feet Apart,2019,,,,,,2025-12-19,,,,https://boxd.it/jaAK,False
,The Fault in Our Stars,2014,,,,,,2025-12-19,,,,https://boxd.it/6BQa,False
2025-12-23,A Very Jonas Christmas Movie,2025,https://boxd.it/cbgBDL,3.5,Yes,,2025-12-22,2025-12-22,,,,,False
2025-12-25,Santa Buddies,2009,https://boxd.it/cdBfgl,,,background noise,2025-12-24,2025-12-25,,,background noise,https://boxd.it/1wTo,False
2025-12-26,Noelle,2019,https://boxd.it/ceHl4V,3.0,,background noise,2025-12-25,2025-12-26,3.0,,background noise,https://boxd.it/gdzE,False
2025-12-27,High School Musical,2006,https://boxd.it/cfWm1R,4.5,Yes,,2025-12-26,2025-12-26,,,,,False
2025-12-31,Marty Supreme,2025,https://boxd.it/cl4e5R,2.5,,in theatres,2025-12-30,2025-12-31,2.5,,in theatres,https://boxd.it/Off0,False
2026-01-10,People We Meet on Vacation,2026,https://boxd.it/cy6A9n,3.5,,,2026-01-09,2026-01-10,3.5,,,https://boxd.it/D8ME,False
,F*&% the Prom,2017,,,,,,2026-01-12,,,,https://boxd.it/hync,False
,Nanny McPhee,2005,,,,,,2026-01-12,,,,https://boxd.it/1Uek,False
,Tomb Raider,2018,,,,,,2026-01-12,,,,https://boxd.it/bgbA,False
,"Extremely Wicked, Shockingly Evil and Vile",2019,,,,,,2026-01-12,,,,https://boxd.it/glCG,False
2026-01-14,Ex Machina,2015,https://boxd.it/cCUvGn,5.0,Yes,background noise,2026-01-13,2026-01-13,,,,,False
2026-01-16,Blue Valentine,2010,https://boxd.it/cEX8UP,3.5,,background noise,2026-01-15,2026-01-16,3.5,,background noise,https://boxd.it/MxG,False
2026-02-04,Zootopia 2,2025,https://boxd.it/cYUCFT,3.5,,in theatres,2026-02-03,2026-02-04,3.5,,in theatres,https://boxd.it/F0vO,False
2026-02-11,Send Help,2026,https://boxd.it/d56d2l,4.5,,in theatres,2026-02-10,2026-02-11,4.5,,in theatres,https://boxd.it/JuhA,False
2026-02-14,Miss Congeniality,2000,https://boxd.it/d7l35x,4.5,,train time,2026-02-13,2026-02-14,4.5,,train time,https://boxd.it/28GM,False
2026-02-22,Kokuho,2025,https://boxd.it/dfbMZn,4.0,,"in theatres, i cry",2026-02-21,2026-02-22,4.0,,"in theatres, i cry",https://boxd.it/R6yo,False
,The Shining,1980,,,,,,2026-02-25,,,,https://boxd.it/29Nu,False
2026-02-26,How to Make a Killing,2026,https://boxd.it/dj6lyP,3.5,,in theatres,2026-02-25,2026-02-26,3.5,,in theatres,https://boxd.it/gLi8,False
2026-03-19,The Mighty Ducks,1992,https://boxd.it/dA8D59,3.0,,background noise,2026-03-18,2026-03-19,3.0,,background noise,https://boxd.it/1Wka,False
2026-03-30,Pitch Perfect,2012,https://boxd.it/dKjWRj,5.0,Yes,,2026-03-29,2026-03-29,,,,,False
2026-03-30,Pitch Perfect 2,2015,https://boxd.it/dKo5jN,3.5,Yes,,2026-03-29,2026-03-29,,,,,False
2026-03-30,Ready or Not,2019,https://boxd.it/dKakN1,4.0,Yes,,2026-03-29,2026-03-29,,,,,False
2026-04-01,Ready or Not 2: Here I Come,2026,https://boxd.it/dLZBCP,3.5,,in theatres,2026-03-31,2026-04-01,3.5,,in theatres,https://boxd.it/MfY6,False
2026-04-02,Hoppers,2026,https://boxd.it/dMLGDJ,4.0,,,2026-04-01,2026-04-02,4.0,,,https://boxd.it/OFpg,False
,Bohemian Rhapsody,2018,,,,,,2026-04-06,,,,https://boxd.it/f1TK,False
2026-04-12,Mulan,1998,https://boxd.it/dVP5xX,4.5,Yes,,2026-04-10,2026-04-12,4.5,Yes,,https://boxd.it/1VFw,False
2026-04-23,The Devil Wears Prada,2006,https://boxd.it/e4M07v,5.0,Yes,,2026-04-21,2026-04-21,,,,,False
2026-04-24,The Last Song,2010,https://boxd.it/e5WvI7,3.0,,background noise,2026-04-23,2026-04-23,,,,,False
2026-04-23,Avatar Aang: The Last Airbender,2026,https://boxd.it/e4M0LP,4.0,,,2026-04-21,2026-04-23,4.0,,,https://boxd.it/B1BK,False
2026-04-30,The Greatest Showman,2017,https://boxd.it/eaFJyB,3.0,Yes,background noise,2026-04-29,2026-04-29,,,,,False
2026-04-29,Project Hail Mary,2026,https://boxd.it/e9SxVb,4.5,,in theatres,2026-04-28,2026-04-29,4.5,,in theatres,https://boxd.it/pEeQ,False
2026-05-08,Send Help,2026,https://boxd.it/eh8Vyv,4.5,Yes,background noise,2026-05-07,2026-05-07,,,,,False
2026-05-12,"Crazy, Stupid, Love.",2011,https://boxd.it/ekIQ1F,5.0,Yes,"background noise, we flyin",2026-05-11,2026-05-11,,,,,False
2026-05-12,Hairspray,2007,https://boxd.it/ekKkSV,4.5,Yes,"we flyin, background noise",2026-05-11,2026-05-12,4.5,Yes,"we flyin, background noise",https://boxd.it/261M,False
2026-05-12,Eternity,2025,https://boxd.it/ekKjtv,3.0,,"background noise, we flyin",2026-05-11,2026-05-12,3.0,,"background noise, we flyin",https://boxd.it/LYtK,False
2026-05-29,Pitch Perfect,2012,https://boxd.it/eym8wV,5.0,Yes,we flyin,2026-05-28,2026-05-28,,,,,False
2026-05-29,Superman,2025,https://boxd.it/eymxO1,3.5,,"we flyin, background noise",2026-05-28,2026-05-29,3.5,,"we flyin, background noise",https://boxd.it/E9IU,False
2026-06-17,Aladdin,2019,https://boxd.it/ePbeaR,2.0,,,2026-06-16,2026-06-17,2.0,,,https://boxd.it/eSjy,False
2026-06-23,Avengers: Endgame,2019,https://boxd.it/eUd2Sh,4.5,Yes,,2026-06-21,2026-06-21,,,,,False
,The Polar Express,2004,,,,,,2026-07-14,,,,https://boxd.it/23am,False
2026-07-22,Obsession,2025,https://boxd.it/fn3Bgt,4.0,,,2026-07-22,2026-07-22,4.0,,,https://boxd.it/PNqo,False
2026-07-22,The Odyssey,2026,https://boxd.it/fn36IV,2.5,,,2026-07-21,2026-07-22,2.5,,,https://boxd.it/QFQU,False
2026-08-02,He's Just Not That Into You,2009,https://boxd.it/fAB63N,3.0,Yes,,2026-08-01,2026-08-01,,,,,False
2026-08-17,Camp Rock 3,2026,https://boxd.it/fS9t9b,2.0,,,2026-08-16,2026-08-17,2.0,,,https://boxd.it/VuiW,False
