Date,Content
2024-01-08,https://boxd.it/GqRU
2024-04-04,https://boxd.it/u8s4C
2024-06-04,https://boxd.it/vZfai
2024-06-26,https://boxd.it/V61u
2024-07-11,https://boxd.it/tLZtE
2024-09-07,https://boxd.it/wlweA
2025-01-18,https://boxd.it/D1eVO
2025-05-28,https://boxd.it/Hmewi
2025-06-26,https://boxd.it/Ie8si
2025-08-04,https://boxd.it/MWWUA
2025-08-13,https://boxd.it/NlVm8
2025-08-13,https://boxd.it/NlIiM
2025-09-16,https://boxd.it/2zTQA
2025-11-14,https://boxd.it/Q3mn2
2026-02-06,https://boxd.it/SnKF8
2026-02-12,https://boxd.it/8Do0g
2026-02-12,https://boxd.it/28z5g
2026-02-17,https://boxd.it/SDMC8
