Date,Name,Year,Letterboxd URI
2023-02-17,The Batman,2022,https://boxd.it/eDGs
2023-02-17,La La Land,2016,https://boxd.it/a5fa
2023-02-17,Whiplash,2014,https://boxd.it/7bQA
2023-02-17,Black Panther,2018,https://boxd.it/8MHs
2023-02-17,Avengers: Endgame,2019,https://boxd.it/9vE4
2023-02-17,Avengers: Infinity War,2018,https://boxd.it/9vEe
2023-02-17,The Social Network,2010,https://boxd.it/17ue
2023-02-17,Spider-Man: Homecoming,2017,https://boxd.it/aboM
2023-02-17,Thor: Ragnarok,2017,https://boxd.it/8MHi
2023-02-17,Ratatouille,2007,https://boxd.it/27ww
2023-02-17,Coco,2017,https://boxd.it/bYJQ
2023-02-17,Spider-Man: Far From Home,2019,https://boxd.it/fegG
2023-02-17,Star Wars,1977,https://boxd.it/72s
2023-02-17,Inside Out,2015,https://boxd.it/4KHC
2023-02-17,The Perks of Being a Wallflower,2012,https://boxd.it/2ZA8
2023-02-17,Back to the Future,1985,https://boxd.it/2b8e
2023-02-17,Up,2009,https://boxd.it/1OEc
2023-02-17,Titanic,1997,https://boxd.it/2a2k
2023-02-17,10 Things I Hate About You,1999,https://boxd.it/23AO
2023-02-17,The Breakfast Club,1985,https://boxd.it/27q4
2023-02-17,Shang-Chi and the Legend of the Ten Rings,2021,https://boxd.it/kLDI
2023-02-17,Captain Marvel,2019,https://boxd.it/9vSA
2023-02-17,(500) Days of Summer,2009,https://boxd.it/1EmM
2023-02-17,Toy Story,1995,https://boxd.it/29qA
2023-02-17,Star Wars: The Force Awakens,2015,https://boxd.it/4vru
2023-02-17,Mean Girls,2004,https://boxd.it/1VNg
2023-02-17,Return of the Jedi,1983,https://boxd.it/27Vm
2023-02-17,Rogue One: A Star Wars Story,2016,https://boxd.it/aPvy
2023-02-17,Star Wars: The Rise of Skywalker,2019,https://boxd.it/5xlK
2023-02-17,Ferris Bueller's Day Off,1986,https://boxd.it/1YPY
2023-02-17,Luca,2021,https://boxd.it/ipjC
2023-02-17,Turning Red,2022,https://boxd.it/ipkq
2023-02-17,"tick, tick... BOOM!",2021,https://boxd.it/jz2e
2023-02-17,The Amazing Spider-Man,2012,https://boxd.it/27PI
2023-02-17,The Amazing Spider-Man 2,2014,https://boxd.it/3utM
2023-02-17,Zootopia,2016,https://boxd.it/84xS
2023-02-17,The Devil Wears Prada,2006,https://boxd.it/2awE
2023-02-17,Tangled,2010,https://boxd.it/15gO
2023-02-17,Ant-Man and the Wasp,2018,https://boxd.it/cqUW
2023-02-17,Moana,2016,https://boxd.it/8tfY
2023-02-17,Big Hero 6,2014,https://boxd.it/5rje
2023-02-17,Palm Springs,2020,https://boxd.it/lCXQ
2023-02-17,Jennifer's Body,2009,https://boxd.it/1Efw
2023-02-17,The Queen's Gambit,2020,https://boxd.it/s1Ym
2023-02-17,Fresh,2022,https://boxd.it/tCNi
2023-02-17,American Assassin,2017,https://boxd.it/eFLE
2023-02-17,The First Time,2012,https://boxd.it/2XLS
2023-02-17,The Maze Runner,2014,https://boxd.it/5YPM
2023-02-17,Maze Runner: The Scorch Trials,2015,https://boxd.it/9hwA
2023-02-17,Maze Runner: The Death Cure,2018,https://boxd.it/bakw
2023-02-17,Not Okay,2022,https://boxd.it/vCEY
2023-02-17,Do Revenge,2022,https://boxd.it/sFiA
2023-02-17,The Spectacular Now,2013,https://boxd.it/4VSG
2023-02-17,The Edge of Seventeen,2016,https://boxd.it/d5nu
2023-02-17,Not Another Teen Movie,2001,https://boxd.it/1TWq
2023-04-01,Daisy Jones & the Six,2023,https://boxd.it/FmyA
2023-04-07,The Super Mario Bros. Movie,2023,https://boxd.it/i8C8
2023-04-10,Prom Pact,2023,https://boxd.it/z8X0
2023-04-10,The Menu,2022,https://boxd.it/lScm
2023-04-12,Ready or Not,2019,https://boxd.it/kOf0
2023-04-19,Pitch Perfect,2012,https://boxd.it/3OsE
2023-05-08,Stuck in Love,2012,https://boxd.it/3L08
2023-05-11,The Hunger Games,2012,https://boxd.it/2uds
2023-05-11,The Hunger Games: Catching Fire,2013,https://boxd.it/3sAw
2023-05-11,The Hunger Games: Mockingjay – Part 1,2014,https://boxd.it/4hka
2023-05-11,The Hunger Games: Mockingjay – Part 2,2015,https://boxd.it/4hk0
2023-05-11,Missing,2023,https://boxd.it/sS1W
2023-05-13,She's All That,1999,https://boxd.it/1Wz0
2023-05-13,How to Lose a Guy in 10 Days,2003,https://boxd.it/1XwG
2023-05-13,13 Going on 30,2004,https://boxd.it/1X6e
2023-05-13,Legally Blonde,2001,https://boxd.it/1ZNa
2023-05-13,Nerve,2016,https://boxd.it/aJIc
2023-05-13,"Love, Rosie",2014,https://boxd.it/62hE
2023-05-13,The Starving Games,2013,https://boxd.it/6FCG
2023-05-15,The Mortal Instruments: City of Bones,2013,https://boxd.it/44va
2023-05-19,Juno,2007,https://boxd.it/210a
2023-05-24,Folklore: The Long Pond Studio Sessions,2020,https://boxd.it/sRk4
2023-05-26,Everything Everywhere All at Once,2022,https://boxd.it/jUk4
2023-06-05,Spider-Man: Into the Spider-Verse,2018,https://boxd.it/azpY
2023-06-11,A Walk to Remember,2002,https://boxd.it/1WLq
2023-06-12,Spider-Man,2002,https://boxd.it/2a8i
2023-06-12,Spider-Man 2,2004,https://boxd.it/2a88
2023-06-16,Spider-Man 3,2007,https://boxd.it/2a7Y
2023-06-26,"Crazy, Stupid, Love.",2011,https://boxd.it/D9A
2023-07-01,Hamilton,2020,https://boxd.it/kmvE
2023-07-14,The Matrix,1999,https://boxd.it/2a1m
2023-07-17,Inception,2010,https://boxd.it/1skk
2023-07-22,Ghost in the Shell,1995,https://boxd.it/1YYc
2023-07-26,Ex Machina,2015,https://boxd.it/7T2k
2023-07-30,Teen Beach Movie,2013,https://boxd.it/5rKa
2023-07-31,Barbie,2023,https://boxd.it/bCLK
2023-08-01,Annihilation,2018,https://boxd.it/9yzm
2023-08-14,Twelve Monkeys,1995,https://boxd.it/2beQ
2023-08-16,Minority Report,2002,https://boxd.it/2aWi
2023-08-28,27 Dresses,2008,https://boxd.it/21x4
2023-09-18,The Imitation Game,2014,https://boxd.it/6aig
2023-09-19,Little Miss Sunshine,2006,https://boxd.it/29EW
2023-09-21,Me Before You,2016,https://boxd.it/9n98
2023-09-28,21 Jump Street,2012,https://boxd.it/J0
2023-09-30,22 Jump Street,2014,https://boxd.it/5Fvy
2023-10-17,Taylor Swift: The Eras Tour,2023,https://boxd.it/HTIi
2023-10-19,"Red, White & Royal Blue",2023,https://boxd.it/z3iG
2023-10-30,The Other Zoey,2023,https://boxd.it/ynHY
2023-11-02,The Rocky Horror Picture Show,1975,https://boxd.it/1a3q
2023-11-11,Bodies Bodies Bodies,2022,https://boxd.it/iRcE
2023-11-14,Hannah Montana: The Movie,2009,https://boxd.it/1Hx4
2023-11-14,Starstruck,2010,https://boxd.it/1cjq
2023-11-14,Bottoms,2023,https://boxd.it/uGf2
2023-11-20,Miss Americana,2020,https://boxd.it/oifq
2023-11-21,Kung Fu Panda,2008,https://boxd.it/1Yws
2023-11-23,Kung Fu Panda 2,2011,https://boxd.it/G36
2023-11-29,The Hunger Games: The Ballad of Songbirds & Snakes,2023,https://boxd.it/pZCY
2023-12-28,Saltburn,2023,https://boxd.it/z4eg
2024-01-01,Taylor Swift: Reputation Stadium Tour,2018,https://boxd.it/kQ0w
2024-01-08,Diary of a Wimpy Kid,2010,https://boxd.it/1fUa
2024-01-13,Mean Girls,2024,https://boxd.it/p6nO
2024-02-04,Diary of a Wimpy Kid: Rodrick Rules,2011,https://boxd.it/gm2
2024-04-04,High School Musical,2006,https://boxd.it/1V0y
2024-04-04,High School Musical 2,2007,https://boxd.it/1PIu
2024-04-04,High School Musical 3: Senior Year,2008,https://boxd.it/1SR0
2024-04-04,Camp Rock,2008,https://boxd.it/1PHw
2024-04-04,Princess Protection Program,2009,https://boxd.it/1F5s
2024-04-04,Camp Rock 2: The Final Jam,2010,https://boxd.it/Sru
2024-04-04,Lemonade Mouth,2011,https://boxd.it/4bG
2024-04-04,Geek Charming,2011,https://boxd.it/2Q8k
2024-04-04,Radio Rebel,2012,https://boxd.it/39mq
2024-04-04,Teen Beach 2,2015,https://boxd.it/aArm
2024-04-04,Descendants,2015,https://boxd.it/8rMm
2024-04-04,Z-O-M-B-I-E-S,2018,https://boxd.it/hp12
2024-04-24,Theater Camp,2023,https://boxd.it/Bfbm
2024-04-26,Música,2024,https://boxd.it/AA9a
2024-04-26,Challengers,2024,https://boxd.it/zld0
2024-04-28,West Side Story,2021,https://boxd.it/iwt0
2024-05-21,Emma.,2020,https://boxd.it/kmg0
2024-05-25,Pinball: The Man Who Saved the Game,2022,https://boxd.it/wi5Q
2024-05-26,The Atlantic City Story,2020,https://boxd.it/q8iS
2024-05-26,Shiva Baby,2020,https://boxd.it/oIv0
2024-05-28,Lava,2014,https://boxd.it/8S9G
2024-05-28,Bao,2018,https://boxd.it/iEl4
2024-06-24,Newsies,2017,https://boxd.it/gxzk
2024-06-25,Set It Up,2018,https://boxd.it/dpik
2024-06-25,Sydney White,2007,https://boxd.it/1VsM
2024-07-01,Brokeback Mountain,2005,https://boxd.it/2b2q
2024-07-07,Scott Pilgrim vs. the World,2010,https://boxd.it/1Aq6
2024-07-08,Lisa Frankenstein,2024,https://boxd.it/ByjY
2024-07-16,Anyone But You,2023,https://boxd.it/EzA8
2024-08-01,Mamma Mia!,2008,https://boxd.it/1Tnq
2024-08-07,Mamma Mia! Here We Go Again,2018,https://boxd.it/gnfO
2024-08-13,No Hard Feelings,2023,https://boxd.it/xouu
2024-08-16,The Last Five Years,2014,https://boxd.it/6boO
2024-08-20,Dear Evan Hansen,2021,https://boxd.it/kOP8
2024-08-27,Divergent,2014,https://boxd.it/4VT0
2024-08-27,Insurgent,2015,https://boxd.it/7NNa
2024-08-27,Allegiant,2016,https://boxd.it/7NNE
2024-08-29,John Tucker Must Die,2006,https://boxd.it/1Z2S
2024-08-30,Pitch Perfect 2,2015,https://boxd.it/7tNa
2024-08-30,Pitch Perfect 3,2017,https://boxd.it/bUre
2024-09-03,Never Been Kissed,1999,https://boxd.it/1U3c
2024-09-03,Baby Driver,2017,https://boxd.it/bhF2
2024-09-04,Priscilla,2023,https://boxd.it/Cz3k
2024-09-05,Diary of a Wimpy Kid: Dog Days,2012,https://boxd.it/2TG0
2024-09-13,Glee: The Concert Movie,2011,https://boxd.it/2fd8
2024-09-15,Because I Said So,2007,https://boxd.it/28ZE
2024-10-01,Arrival,2016,https://boxd.it/aNGk
2024-10-15,Saturday Night,2024,https://boxd.it/Gpfo
2024-10-17,Scream,1996,https://boxd.it/24EC
2024-10-18,The Fall Guy,2024,https://boxd.it/s0Bm
2024-10-31,Wizards of Waverly Place: The Movie,2009,https://boxd.it/1thQ
2024-11-05,Scream 2,1997,https://boxd.it/24Es
2024-11-13,We Live in Time,2024,https://boxd.it/FC5u
2024-11-22,Wicked,2024,https://boxd.it/e8ME
2024-11-28,42nd Street,2019,https://boxd.it/lTws
2024-12-16,Moulin Rouge!,2001,https://boxd.it/29wI
2024-12-27,Inside Out 2,2024,https://boxd.it/CFrC
2025-01-10,Everyone is Doing Great,2018,https://boxd.it/hNaW
2025-01-19,Sixteen Candles,1984,https://boxd.it/1MJk
2025-01-19,Mr. & Mrs. Smith,2005,https://boxd.it/29CG
2025-01-29,One of Them Days,2025,https://boxd.it/MReU
2025-03-14,Mickey 17,2025,https://boxd.it/q1Dk
2025-03-23,Puppy Love,2023,https://boxd.it/HeaE
2025-03-24,Bottled with Love,2019,https://boxd.it/lA9a
2025-03-25,Bride Wars,2009,https://boxd.it/1W3I
2025-03-29,Back to the Future Part II,1989,https://boxd.it/2aYI
2025-03-30,Back to the Future Part III,1990,https://boxd.it/2aTS
2025-03-30,The Gorge,2025,https://boxd.it/zRqK
2025-03-31,Knives Out,2019,https://boxd.it/jWEA
2025-04-01,Death of a Unicorn,2025,https://boxd.it/HCPm
2025-04-07,Glass Onion,2022,https://boxd.it/oCkK
2025-04-11,Snow White,2025,https://boxd.it/fVuc
2025-04-28,Past Lives,2023,https://boxd.it/oNB8
2025-05-03,Star Wars: Episode I – The Phantom Menace,1999,https://boxd.it/27Vc
2025-05-06,Star Wars: Episode II – Attack of the Clones,2002,https://boxd.it/27V2
2025-05-07,Star Wars: Episode III – Revenge of the Sith,2005,https://boxd.it/27US
2025-05-07,Solo: A Star Wars Story,2018,https://boxd.it/bGWs
2025-05-11,The Empire Strikes Back,1980,https://boxd.it/27Vw
2025-05-15,Star Wars: The Last Jedi,2017,https://boxd.it/5xme
2025-05-17,Star Wars: The Clone Wars,2008,https://boxd.it/1Sly
2025-05-18,A Simple Favor,2018,https://boxd.it/hq92
2025-05-18,Another Simple Favor,2025,https://boxd.it/AO6k
2025-05-20,When Harry Met Sally...,1989,https://boxd.it/29W2
2025-05-21,Sinners,2025,https://boxd.it/KQMM
2025-05-22,Jumper,2008,https://boxd.it/20ss
2025-05-23,Trainspotting,1996,https://boxd.it/29XY
2025-05-25,T2 Trainspotting,2017,https://boxd.it/5vTA
2025-05-25,Worth the Wait,2025,https://boxd.it/HaXM
2025-05-25,Eternal Sunshine of the Spotless Mind,2004,https://boxd.it/6YK
2025-05-28,Grease,1978,https://boxd.it/29YW
2025-05-28,Grease 2,1982,https://boxd.it/1Zk8
2025-05-30,Notting Hill,1999,https://boxd.it/2aeK
2025-05-31,Step Up,2006,https://boxd.it/1XS8
2025-06-01,Step Up 2: The Streets,2008,https://boxd.it/20mk
2025-06-02,Step Up 3D,2010,https://boxd.it/ZS8
2025-06-02,Step Up Revolution,2012,https://boxd.it/31yo
2025-06-03,Step Up All In,2014,https://boxd.it/79Wc
2025-06-04,But I'm a Cheerleader,1999,https://boxd.it/1CW4
2025-06-06,One Direction: This Is Us,2013,https://boxd.it/57km
2025-06-06,Dead Poets Society,1989,https://boxd.it/2aSg
2025-06-08,I Am Love,2009,https://boxd.it/10ac
2025-06-08,A Bigger Splash,2015,https://boxd.it/azgs
2025-06-09,Call Me by Your Name,2017,https://boxd.it/dYmm
2025-06-10,Suspiria,2018,https://boxd.it/cioI
2025-06-12,While You Were Sleeping,1995,https://boxd.it/27wm
2025-06-12,Bones and All,2022,https://boxd.it/tLd4
2025-06-13,Queer,2024,https://boxd.it/E4RW
2025-06-14,Bedtime Stories,2008,https://boxd.it/1WPM
2025-06-15,Materialists,2025,https://boxd.it/GZlW
2025-06-16,Sleepless in Seattle,1993,https://boxd.it/29re
2025-06-18,Bridesmaids,2011,https://boxd.it/rac
2025-06-26,Can't Buy Me Love,1987,https://boxd.it/1R4c
2025-07-02,Fantastic Four,2005,https://boxd.it/1XVw
2025-07-03,Fantastic Four: Rise of the Silver Surfer,2007,https://boxd.it/27Ii
2025-07-04,Fantastic Four,2015,https://boxd.it/5a9c
2025-07-04,A Nice Indian Boy,2024,https://boxd.it/GG6o
2025-07-05,About Time,2013,https://boxd.it/43bI
2025-07-06,Date Night,2010,https://boxd.it/2l5a
2025-07-08,Chicago,2002,https://boxd.it/28zm
2025-07-08,Confessions of a Teenage Drama Queen,2004,https://boxd.it/1UyE
2025-07-10,The Princess Bride,1987,https://boxd.it/26EY
2025-07-10,Wimbledon,2004,https://boxd.it/1T0m
2025-07-11,When a Man Loves a Woman,1994,https://boxd.it/1WeG
2025-07-14,KPop Demon Hunters,2025,https://boxd.it/ufwK
2025-07-15,Freaky Friday,2003,https://boxd.it/1WwK
2025-07-17,Bring It On,2000,https://boxd.it/28x6
2025-07-17,Bring It On Again,2004,https://boxd.it/1RKW
2025-07-18,Bring It On: All or Nothing,2006,https://boxd.it/1Umo
2025-07-19,Bring It On: In It to Win It,2007,https://boxd.it/1My2
2025-07-20,Bring It On: Fight to the Finish,2009,https://boxd.it/1BPQ
2025-07-21,Bring It On: Worldwide #Cheersmack,2017,https://boxd.it/gJD4
2025-07-21,Bring It On: Cheer Or Die,2022,https://boxd.it/vlq6
2025-07-22,D.E.B.S.,2004,https://boxd.it/2aaS
2025-07-23,She's the Man,2006,https://boxd.it/1Y7W
2025-07-25,Monte Carlo,2011,https://boxd.it/hqk
2025-07-26,The Nanny Diaries,2007,https://boxd.it/1RZM
2025-07-27,Confessions of a Shopaholic,2009,https://boxd.it/1E9e
2025-07-28,Booksmart,2019,https://boxd.it/igNS
2025-07-28,When in Rome,2010,https://boxd.it/1Q5S
2025-07-29,He's Just Not That Into You,2009,https://boxd.it/1WSG
2025-07-30,The Fantastic 4: First Steps,2025,https://boxd.it/mP6C
2025-07-31,Death Becomes Her,1992,https://boxd.it/1YQi
2025-08-01,The Rules of Attraction,2002,https://boxd.it/286Y
2025-08-02,"I, Tonya",2017,https://boxd.it/dzR0
2025-08-06,The Cheetah Girls,2003,https://boxd.it/1hkS
2025-08-09,The Cheetah Girls 2,2006,https://boxd.it/17Ws
2025-08-10,The Cheetah Girls: One World,2008,https://boxd.it/1rns
2025-08-11,My Old Ass,2024,https://boxd.it/zLP0
2025-08-12,She's Out of My League,2010,https://boxd.it/1eww
2025-08-15,Gilmore Girls: A Year in the Life,2016,https://boxd.it/f9og
2025-08-15,Wild Child,2008,https://boxd.it/1P0C
2025-08-17,Ice Princess,2005,https://boxd.it/1QjA
2025-08-18,Pretty in Pink,1986,https://boxd.it/1TEw
2025-08-18,You've Got Mail,1998,https://boxd.it/1Yye
2025-08-18,The Virgin Suicides,1999,https://boxd.it/28JG
2025-08-19,Fantastic Mr. Fox,2009,https://boxd.it/1WyQ
2025-08-20,Drive,2011,https://boxd.it/IG
2025-08-21,Superbad,2007,https://boxd.it/20hO
2025-08-23,The Map That Leads to You,2025,https://boxd.it/O5uk
2025-09-02,Zombieland,2009,https://boxd.it/1En6
2025-09-02,Zombieland: Double Tap,2019,https://boxd.it/bgb6
2025-09-03,The Roses,2025,https://boxd.it/MjnI
2025-09-04,Stay the Night,2022,https://boxd.it/zd58
2025-10-04,Taylor Swift | The Official Release Party of a Showgirl,2025,https://boxd.it/XHN8
2025-10-18,The Notebook,2004,https://boxd.it/1UNE
2025-10-18,The Last Song,2010,https://boxd.it/1c5I
2025-10-18,The Longest Ride,2015,https://boxd.it/6JCA
2025-11-02,Girl vs. Monster,2012,https://boxd.it/4r7K
2025-11-03,Cruel Intentions,1999,https://boxd.it/29Be
2025-11-03,The 5 Seconds of Summer Show,2021,https://boxd.it/yjgY
2025-11-03,5 Seconds of Summer Live: On the Record,2018,https://boxd.it/qL6m
2025-11-03,5 Seconds of Summer: How Did We End Up Here?,2015,https://boxd.it/cZz0
2025-11-03,On the Record: 5 Seconds of Summer - Youngblood,2018,https://boxd.it/mdBW
2025-11-03,The 5 Seconds of Summer Show (Live & Backstage In Amsterdam),2023,https://boxd.it/KllU
2025-11-06,Thank You for Smoking,2005,https://boxd.it/1YOc
2025-11-07,First Daughter,2004,https://boxd.it/1P0W
2025-11-09,Twilight,2008,https://boxd.it/1Zui
2025-11-11,The Twilight Saga: New Moon,2009,https://boxd.it/1Hj2
2025-11-12,Encanto,2021,https://boxd.it/kPRu
2025-11-12,Wreck-It Ralph,2012,https://boxd.it/2TTS
2025-11-12,Frozen,2013,https://boxd.it/3GNa
2025-11-12,Ice Age,2002,https://boxd.it/2apS
2025-11-12,Raya and the Last Dragon,2021,https://boxd.it/jbkI
2025-11-12,Frozen II,2019,https://boxd.it/aPvo
2025-11-12,Ice Age: The Meltdown,2006,https://boxd.it/2wRk
2025-11-12,Ice Age: Continental Drift,2012,https://boxd.it/lQ2
2025-11-16,The Twilight Saga: Eclipse,2010,https://boxd.it/1ytW
2025-11-16,Heathers,1989,https://boxd.it/26x4
2025-11-17,The Twilight Saga: Breaking Dawn – Part 1,2011,https://boxd.it/DdM
2025-11-17,The Lego Batman Movie,2017,https://boxd.it/azp0
2025-11-17,Easy A,2010,https://boxd.it/17DK
2025-11-17,Friends with Benefits,2011,https://boxd.it/DoK
2025-11-17,Gangster Squad,2013,https://boxd.it/2TVa
2025-11-21,The Twilight Saga: Breaking Dawn – Part 2,2012,https://boxd.it/DdC
2025-11-22,Wicked: For Good,2025,https://boxd.it/AyfK
2025-11-24,The Greatest Showman,2017,https://boxd.it/acjI
2025-11-25,All Too Well: The Short Film,2021,https://boxd.it/xTmc
2025-11-25,The Internship,2013,https://boxd.it/3SWS
2025-11-27,That Awkward Moment,2014,https://boxd.it/6Ftu
2025-11-27,Two Night Stand,2014,https://boxd.it/8T3E
2025-11-30,Happiest Season,2020,https://boxd.it/iS3I
2025-12-01,A Very Jonas Christmas Movie,2025,https://boxd.it/SJ3c
2025-12-11,The Prince of Egypt,1998,https://boxd.it/1XGQ
2025-12-11,Planet of the Apes,2001,https://boxd.it/29ps
2025-12-11,Holes,2003,https://boxd.it/20mE
2025-12-11,Bridge to Terabithia,2007,https://boxd.it/28YG
2025-12-11,The Outsiders,1983,https://boxd.it/2aPw
2025-12-11,Mad City,1997,https://boxd.it/1XQQ
2025-12-11,"I, Robot",2004,https://boxd.it/27y8
2025-12-11,Romeo + Juliet,1996,https://boxd.it/2ama
2025-12-11,Romeo and Juliet,1968,https://boxd.it/22cQ
2025-12-11,Macbeth,2015,https://boxd.it/6FE8
2025-12-11,The Shack,2017,https://boxd.it/bAKK
2025-12-11,Life of Pi,2012,https://boxd.it/37pC
2025-12-19,The Fault in Our Stars,2014,https://boxd.it/6BQa
2025-12-19,Five Feet Apart,2019,https://boxd.it/jaAK
2025-12-19,Midnight Sun,2018,https://boxd.it/eP1m
2025-12-25,Santa Buddies,2009,https://boxd.it/1wTo
2025-12-26,Noelle,2019,https://boxd.it/gdzE
2025-12-31,Marty Supreme,2025,https://boxd.it/Off0
2026-01-10,People We Meet on Vacation,2026,https://boxd.it/D8ME
2026-01-12,Nanny McPhee,2005,https://boxd.it/1Uek
2026-01-12,"Extremely Wicked, Shockingly Evil and Vile",2019,https://boxd.it/glCG
2026-01-12,Tomb Raider,2018,https://boxd.it/bgbA
2026-01-12,F*&% the Prom,2017,https://boxd.it/hync
2026-01-16,Blue Valentine,2010,https://boxd.it/MxG
2026-02-04,Zootopia 2,2025,https://boxd.it/F0vO
2026-02-11,Send Help,2026,https://boxd.it/JuhA
2026-02-14,Miss Congeniality,2000,https://boxd.it/28GM
2026-02-22,Kokuho,2025,https://boxd.it/R6yo
2026-02-25,The Shining,1980,https://boxd.it/29Nu
2026-02-26,How to Make a Killing,2026,https://boxd.it/gLi8
2026-03-19,The Mighty Ducks,1992,https://boxd.it/1Wka
2026-04-01,Ready or Not 2: Here I Come,2026,https://boxd.it/MfY6
2026-04-02,Hoppers,2026,https://boxd.it/OFpg
2026-04-06,Bohemian Rhapsody,2018,https://boxd.it/f1TK
2026-04-12,Mulan,1998,https://boxd.it/1VFw
2026-04-23,Avatar Aang: The Last Airbender,2026,https://boxd.it/B1BK
2026-04-29,Project Hail Mary,2026,https://boxd.it/pEeQ
2026-05-12,Eternity,2025,https://boxd.it/LYtK
2026-05-12,Hairspray,2007,https://boxd.it/261M
2026-05-29,Superman,2025,https://boxd.it/E9IU
2026-06-17,Aladdin,2019,https://boxd.it/eSjy
2026-07-14,The Polar Express,2004,https://boxd.it/23am
2026-07-22,The Odyssey,2026,https://boxd.it/QFQU
2026-07-22,Obsession,2025,https://boxd.it/PNqo
2026-08-17,Camp Rock 3,2026,https://boxd.it/VuiW
