Date,Name,Year,Letterboxd URI,Rating,Rewatch,Tags,Watched Date
2023-02-17,10 Things I Hate About You,1999,https://boxd.it/3RN5Of,5,Yes,,2023-02-16
2023-02-17,(500) Days of Summer,2009,https://boxd.it/3RN6UX,5,,,2023-02-16
2023-02-17,"tick, tick... BOOM!",2021,https://boxd.it/3RN8R7,5,,,2023-02-16
2023-02-17,The Amazing Spider-Man,2012,https://boxd.it/3RNabn,4,,,2023-02-16
2023-02-17,The Amazing Spider-Man 2,2014,https://boxd.it/3RNbZD,3,,,2023-02-16
2023-02-17,Tangled,2010,https://boxd.it/3RNcXN,5,,,2023-02-16
2023-02-17,Jennifer's Body,2009,https://boxd.it/3RNdY3,4,,,2023-02-16
2023-02-17,Fresh,2022,https://boxd.it/3RNfjB,4.5,,,2023-02-16
2023-02-17,Rogue One: A Star Wars Story,2016,https://boxd.it/3RNhGR,3.5,,,2023-02-16
2023-02-17,American Assassin,2017,https://boxd.it/3RNjaj,2.5,,,2023-02-16
2023-02-17,The First Time,2012,https://boxd.it/3RNkyr,3.5,,,2023-02-16
2023-02-17,The Maze Runner,2014,https://boxd.it/3RNmaB,4.5,,,2023-02-16
2023-02-17,Maze Runner: The Scorch Trials,2015,https://boxd.it/3RNmUz,3.5,,,2023-02-16
2023-02-17,Maze Runner: The Death Cure,2018,https://boxd.it/3RNo25,4,,,2023-02-16
2023-02-17,Not Okay,2022,https://boxd.it/3RNpyL,1.5,,,2023-02-16
2023-02-17,Do Revenge,2022,https://boxd.it/3RNvqD,4.5,,,2023-02-16
2023-02-17,The Spectacular Now,2013,https://boxd.it/3RNzIL,2,,,2023-02-16
2023-02-17,Not Another Teen Movie,2001,https://boxd.it/3RNC9f,4.5,,,2023-02-16
2023-04-05,Daisy Jones & the Six,2023,https://boxd.it/44DMcb,4.5,,,2023-04-04
2023-04-07,The Super Mario Bros. Movie,2023,https://boxd.it/45ctGV,3.5,,in theatres,2023-04-06
2023-04-10,Prom Pact,2023,https://boxd.it/46i9Qn,4,,,2023-04-09
2023-04-10,The Menu,2022,https://boxd.it/46kpB3,1,,,2023-04-09
2023-02-17,The Edge of Seventeen,2016,https://boxd.it/3RNAHJ,5,Yes,,2023-05-05
2023-05-08,Stuck in Love,2012,https://boxd.it/4dERQD,4,Yes,,2023-05-07
2023-05-11,The Hunger Games,2012,https://boxd.it/4ezKzf,4,,,2023-05-10
2023-05-11,The Hunger Games: Catching Fire,2013,https://boxd.it/4ezLcB,5,,,2023-05-10
2023-05-11,The Hunger Games: Mockingjay – Part 1,2014,https://boxd.it/4ezLV7,3.5,,,2023-05-10
2023-05-11,The Hunger Games: Mockingjay – Part 2,2015,https://boxd.it/4ezNW7,3.5,,,2023-05-11
2023-05-11,Missing,2023,https://boxd.it/4ezRRZ,3,,,2023-05-11
2023-05-13,"Love, Rosie",2014,https://boxd.it/4eXSUN,4.5,,,2023-05-12
2023-05-15,The Mortal Instruments: City of Bones,2013,https://boxd.it/4fvhGd,2,,,2023-05-14
2023-05-19,Juno,2007,https://boxd.it/4gp8fJ,4,,,2023-05-18
2023-05-24,La La Land,2016,https://boxd.it/4hIK89,5,Yes,,2023-05-24
2023-05-26,Everything Everywhere All at Once,2022,https://boxd.it/4i95KP,5,,i cry,2023-05-25
2023-06-05,Spider-Man: Into the Spider-Verse,2018,https://boxd.it/4kOWC5,4,,,2023-06-05
2023-06-11,A Walk to Remember,2002,https://boxd.it/4mhgYF,5,Yes,,2023-06-10
2023-06-12,Spider-Man,2002,https://boxd.it/4mxJZf,3.5,,,2023-06-11
2023-06-12,Spider-Man 2,2004,https://boxd.it/4mA4kB,4.5,,,2023-06-11
2023-06-16,Spider-Man 3,2007,https://boxd.it/4nH1Sj,3.5,,,2023-06-15
2023-06-26,"Crazy, Stupid, Love.",2011,https://boxd.it/4qsU9F,5,Yes,,2023-06-25
2023-06-28,The Amazing Spider-Man,2012,https://boxd.it/4rcWql,4,Yes,,2023-06-27
2023-06-29,The Amazing Spider-Man 2,2014,https://boxd.it/4rudcf,3,Yes,,2023-06-28
2023-07-01,Hamilton,2020,https://boxd.it/4rRcX1,5,Yes,,2023-06-30
2024-11-28,Hamilton,2020,https://boxd.it/7V0FdJ,,Yes,on stage,2023-07-01
2023-07-14,The Matrix,1999,https://boxd.it/4vMDLn,4,,,2023-07-13
2023-07-17,Inception,2010,https://boxd.it/4wKH9H,4.5,,,2023-07-16
2023-07-22,Ghost in the Shell,1995,https://boxd.it/4yosKH,3.5,,,2023-07-21
2023-07-26,Ex Machina,2015,https://boxd.it/4AjH1v,5,,,2023-07-25
2023-07-30,Teen Beach Movie,2013,https://boxd.it/4BYmaH,4,Yes,,2023-07-29
2023-07-31,Barbie,2023,https://boxd.it/4Cj4SN,5,,in theatres,2023-07-30
2023-08-01,Annihilation,2018,https://boxd.it/4CMII7,3.5,,,2023-07-31
2023-08-14,Twelve Monkeys,1995,https://boxd.it/4GZ0Lt,4,,,2023-08-13
2023-08-16,Minority Report,2002,https://boxd.it/4HNGHX,4,,,2023-08-16
2023-08-28,27 Dresses,2008,https://boxd.it/4LwrBH,3.5,Yes,,2023-08-28
2023-09-18,The Imitation Game,2014,https://boxd.it/4RxXLl,4,,,2023-09-17
2023-09-19,Little Miss Sunshine,2006,https://boxd.it/4RUDKN,5,,,2023-09-18
2023-09-21,Me Before You,2016,https://boxd.it/4SlHX1,2.5,,,2023-09-20
2023-09-28,21 Jump Street,2012,https://boxd.it/4UnTA1,5,Yes,,2023-09-27
2023-09-30,22 Jump Street,2014,https://boxd.it/4ULf3p,4,Yes,,2023-09-29
2023-10-17,Taylor Swift: The Eras Tour,2023,https://boxd.it/50xRsN,5,,in theatres,2023-10-16
2023-10-19,"Red, White & Royal Blue",2023,https://boxd.it/51boo3,4,,,2023-10-18
2023-10-30,The Other Zoey,2023,https://boxd.it/5516ED,2.5,,,2023-10-29
2023-11-02,The Rocky Horror Picture Show,1975,https://boxd.it/565ImJ,3,,,2023-11-01
2023-11-06,Ex Machina,2015,https://boxd.it/57w0xB,5,Yes,,2023-11-05
2023-11-11,Bodies Bodies Bodies,2022,https://boxd.it/58UiUZ,4,,,2023-11-10
2023-11-13,(500) Days of Summer,2009,https://boxd.it/59wuod,5,Yes,,2023-11-12
2023-11-14,Starstruck,2010,https://boxd.it/59SNn3,4,Yes,,2023-11-13
2023-11-14,Bottoms,2023,https://boxd.it/59YMG1,4.5,,,2023-11-13
2023-11-20,Miss Americana,2020,https://boxd.it/5bRDPn,5,,,2023-11-19
2023-11-21,Kung Fu Panda,2008,https://boxd.it/5cbY2B,4.5,Yes,,2023-11-20
2023-11-23,Kung Fu Panda 2,2011,https://boxd.it/5cMf4L,4,Yes,,2023-11-22
2023-11-29,The Hunger Games: The Ballad of Songbirds & Snakes,2023,https://boxd.it/5eYf6z,4.5,,in theatres,2023-11-28
2023-12-05,The Hunger Games,2012,https://boxd.it/5gQppD,4,Yes,,2023-12-04
2023-12-09,The Hunger Games: Catching Fire,2013,https://boxd.it/5ifqvB,5,Yes,,2023-12-09
2023-12-17,The Hunger Games: Mockingjay – Part 1,2014,https://boxd.it/5l1hlV,3.5,Yes,,2023-12-16
2023-12-18,The Hunger Games: Mockingjay – Part 2,2015,https://boxd.it/5ljvWx,4,Yes,,2023-12-17
2023-12-23,The Hunger Games: The Ballad of Songbirds & Snakes,2023,https://boxd.it/5npvKL,4.5,Yes,train time,2023-12-22
2023-12-28,Saltburn,2023,https://boxd.it/5pZxuv,4,,,2023-12-27
2024-01-01,Taylor Swift: The Eras Tour,2023,https://boxd.it/5slYVF,5,Yes,,2023-12-31
2024-11-28,42nd Street,2019,https://boxd.it/7V0Ebd,,,on stage,2024-01-04
2024-01-08,Diary of a Wimpy Kid,2010,https://boxd.it/5xgcwx,3,Yes,,2024-01-07
2024-01-13,Mean Girls,2024,https://boxd.it/5zLcL3,3.5,,in theatres,2024-01-12
2024-01-28,The Queen's Gambit,2020,https://boxd.it/5HGRJf,5,Yes,,2024-01-28
2024-02-04,Diary of a Wimpy Kid: Rodrick Rules,2011,https://boxd.it/5L1eGv,4,Yes,,2024-02-03
2024-03-15,Taylor Swift: The Eras Tour,2023,https://boxd.it/63nyqX,5,Yes,,2024-03-14
2024-04-24,Theater Camp,2023,https://boxd.it/6kV0Td,4,,,2024-04-23
2024-04-26,Música,2024,https://boxd.it/6lrI1j,3.5,,,2024-04-25
2024-04-26,Challengers,2024,https://boxd.it/6lAFsz,4,,in theatres,2024-04-25
2024-04-28,West Side Story,2021,https://boxd.it/6mvWmn,4.5,,,2024-04-28
2024-05-18,Challengers,2024,https://boxd.it/6uJH3l,4.5,Yes,,2024-05-18
2024-05-21,Emma.,2020,https://boxd.it/6w3ubl,3,,,2024-05-21
2024-05-25,Pinball: The Man Who Saved the Game,2022,https://boxd.it/6xrLOB,4,,,2024-05-24
2024-05-26,The Atlantic City Story,2020,https://boxd.it/6xLz3j,2.5,,,2024-05-25
2024-05-26,Shiva Baby,2020,https://boxd.it/6xS07p,4,,,2024-05-25
2024-05-27,Nerve,2016,https://boxd.it/6yhKpJ,3.5,Yes,,2024-05-26
2024-05-28,Up,2009,https://boxd.it/6yZw6L,5,Yes,,2024-05-27
2024-05-28,Lava,2014,https://boxd.it/6yZRrF,4,Yes,,2024-05-27
2024-05-28,Bao,2018,https://boxd.it/6z0qCj,5,Yes,,2024-05-27
2024-05-29,Challengers,2024,https://boxd.it/6zpfcT,4.5,Yes,in theatres,2024-05-29
2024-06-24,Challengers,2024,https://boxd.it/6JFKT7,4.5,Yes,in theatres,2024-06-23
2024-06-24,Newsies,2017,https://boxd.it/6JOee5,5,,,2024-06-23
2024-06-25,Set It Up,2018,https://boxd.it/6KbLEV,4,Yes,,2024-06-24
2024-06-25,Sydney White,2007,https://boxd.it/6KbOQ1,2.5,,,2024-06-24
2024-06-26,Not Another Teen Movie,2001,https://boxd.it/6KtppF,3.5,Yes,,2024-06-25
2024-07-01,Brokeback Mountain,2005,https://boxd.it/6Mycfl,4,,,2024-07-01
2024-07-07,Scott Pilgrim vs. the World,2010,https://boxd.it/6P11dJ,5,,,2024-07-06
2024-07-08,Lisa Frankenstein,2024,https://boxd.it/6PldvZ,4,,,2024-07-07
2024-07-16,Anyone But You,2023,https://boxd.it/6T6zEl,3,,,2024-07-15
2024-08-01,Mamma Mia!,2008,https://boxd.it/70nzhN,5,Yes,,2024-08-01
2024-11-28,Mean Girls,2024,https://boxd.it/7V0Aab,,Yes,on stage,2024-08-03
2024-08-07,Mamma Mia! Here We Go Again,2018,https://boxd.it/72KOqf,4,,,2024-08-05
2024-08-13,No Hard Feelings,2023,https://boxd.it/75CzqP,5,,,2024-08-12
2024-08-16,The Last Five Years,2014,https://boxd.it/76TYlt,3,,,2024-08-16
2024-08-23,The Maze Runner,2014,https://boxd.it/7aa8wv,4,Yes,,2024-08-22
2024-08-25,Maze Runner: The Scorch Trials,2015,https://boxd.it/7aTtK9,3,Yes,,2024-08-24
2024-08-26,Maze Runner: The Death Cure,2018,https://boxd.it/7bht2p,4,Yes,,2024-08-25
2024-08-27,Divergent,2014,https://boxd.it/7bVlfb,3,,,2024-08-26
2024-08-27,Insurgent,2015,https://boxd.it/7c8g4X,3,,,2024-08-26
2024-08-27,Allegiant,2016,https://boxd.it/7cb7EN,2,,,2024-08-26
2024-08-28,Challengers,2024,https://boxd.it/7cAItd,4.5,Yes,,2024-08-27
2024-08-29,John Tucker Must Die,2006,https://boxd.it/7d05kj,3.5,,,2024-08-28
2024-08-30,Pitch Perfect,2012,https://boxd.it/7dbioP,5,Yes,,2024-08-29
2024-08-30,Pitch Perfect 2,2015,https://boxd.it/7deHS7,3.5,Yes,,2024-08-29
2024-08-30,Pitch Perfect 3,2017,https://boxd.it/7dphVL,2,Yes,,2024-08-29
2024-08-31,Whiplash,2014,https://boxd.it/7dP74z,5,Yes,train time,2024-08-30
2024-09-01,High School Musical 3: Senior Year,2008,https://boxd.it/7enlrb,5,Yes,,2024-09-01
2024-09-03,Never Been Kissed,1999,https://boxd.it/7fiEoz,2,,,2024-09-02
2024-09-03,Baby Driver,2017,https://boxd.it/7fqQhV,4,Yes,,2024-09-03
2024-09-04,Priscilla,2023,https://boxd.it/7fCC9n,3,,,2024-09-03
2024-09-05,Diary of a Wimpy Kid: Dog Days,2012,https://boxd.it/7geMyD,3.5,Yes,,2024-09-04
2024-09-09,The First Time,2012,https://boxd.it/7i9dHj,3.5,Yes,background noise,2024-09-08
2024-09-10,American Assassin,2017,https://boxd.it/7iA90f,2,Yes,background noise,2024-09-09
2024-09-13,Glee: The Concert Movie,2011,https://boxd.it/7jHJED,2.5,,background noise,2024-09-12
2024-09-15,Everything Everywhere All at Once,2022,https://boxd.it/7kn6Z7,5,Yes,"in theatres, i cry",2024-09-14
2024-09-15,Because I Said So,2007,https://boxd.it/7kFRKz,2.5,,,2024-09-14
2024-09-26,La La Land,2016,https://boxd.it/7ptSBp,5,Yes,background noise,2024-09-26
2024-10-01,Arrival,2016,https://boxd.it/7ryxYb,4,,background noise,2024-09-30
2024-10-04,Challengers,2024,https://boxd.it/7t2L1h,4.5,Yes,background noise,2024-10-03
2024-10-15,Saturday Night,2024,https://boxd.it/7yAMvb,4,,in theatres,2024-10-14
2024-10-17,Scream,1996,https://boxd.it/7zntWb,3.5,,,2024-10-16
2024-10-18,The Fall Guy,2024,https://boxd.it/7zSyyb,4,,train time,2024-10-17
2024-10-31,Wizards of Waverly Place: The Movie,2009,https://boxd.it/7GJB99,5,Yes,,2024-10-30
2024-11-01,The Rocky Horror Picture Show,1975,https://boxd.it/7HkVVV,5,Yes,"in theatres, on stage",2024-10-31
2024-11-05,Scream 2,1997,https://boxd.it/7JuihP,3,,,2024-11-04
2024-11-07,"Red, White & Royal Blue",2023,https://boxd.it/7KrUc7,4,Yes,,2024-11-06
2024-11-13,We Live in Time,2024,https://boxd.it/7NxVF9,4.5,,in theatres,2024-11-12
2024-11-22,Wicked,2024,https://boxd.it/7ROMar,5,,in theatres,2024-11-21
2024-11-28,The Hunger Games: The Ballad of Songbirds & Snakes,2023,https://boxd.it/7V0vkb,4.5,Yes,background noise,2024-11-27
2024-12-16,Moulin Rouge!,2001,https://boxd.it/848AtJ,3.5,,,2024-12-15
2024-12-27,Inside Out 2,2024,https://boxd.it/8bnqd5,3,,,2024-12-26
2024-12-28,Moulin Rouge!,2001,https://boxd.it/8cfl9F,3.5,Yes,,2024-12-27
2024-12-30,Moulin Rouge!,2001,https://boxd.it/8dNRPP,4.5,Yes,on stage,2024-12-29
2025-01-01,High School Musical 3: Senior Year,2008,https://boxd.it/8fYWZv,5,Yes,,2025-01-01
2025-01-10,Everyone is Doing Great,2018,https://boxd.it/8p3jLl,3,,,2025-01-09
2025-01-19,Sixteen Candles,1984,https://boxd.it/8wMd3v,1,,,2025-01-18
2025-01-19,Mr. & Mrs. Smith,2005,https://boxd.it/8wZtel,5,Yes,,2025-01-18
2025-01-29,One of Them Days,2025,https://boxd.it/8ELzA7,4,,in theatres,2025-01-28
2025-02-28,A Walk to Remember,2002,https://boxd.it/8YxgAz,5,Yes,i cry,2025-02-27
2025-03-14,Mickey 17,2025,https://boxd.it/97gfp3,3.5,,in theatres,2025-03-13
2025-03-23,Puppy Love,2023,https://boxd.it/9cK1OX,2.5,,,2025-03-22
2025-03-24,Bottled with Love,2019,https://boxd.it/9dvoBV,3.5,Yes,,2025-03-23
2025-03-25,Bride Wars,2009,https://boxd.it/9e2Wp1,3,,,2025-03-24
2025-03-28,Back to the Future,1985,https://boxd.it/9fiGn5,4.5,Yes,background noise,2025-03-27
2025-03-29,Back to the Future Part II,1989,https://boxd.it/9fKHGD,4,Yes,background noise,2025-03-28
2025-03-30,Back to the Future Part III,1990,https://boxd.it/9gmB8V,3,Yes,background noise,2025-03-29
2025-03-30,The Gorge,2025,https://boxd.it/9gIJaJ,3,,,2025-03-29
2025-03-31,Knives Out,2019,https://boxd.it/9hriYn,4.5,,,2025-03-30
2025-04-01,Death of a Unicorn,2025,https://boxd.it/9hRM5p,2.5,,in theatres,2025-03-31
2025-04-07,Glass Onion,2022,https://boxd.it/9lngkj,4,,,2025-04-06
2025-04-11,Snow White,2025,https://boxd.it/9ngAH7,1.5,,in theatres,2025-04-10
2025-04-29,Past Lives,2023,https://boxd.it/9y4rT9,4.5,,i cry,2025-04-28
2025-05-04,Star Wars: Episode I – The Phantom Menace,1999,https://boxd.it/9B0gvp,2,,,2025-05-03
2025-05-07,Star Wars: Episode II – Attack of the Clones,2002,https://boxd.it/9CP8pT,2.5,,,2025-05-06
2025-05-07,Star Wars: Episode III – Revenge of the Sith,2005,https://boxd.it/9D2P2z,4,,,2025-05-06
2025-05-08,Solo: A Star Wars Story,2018,https://boxd.it/9DlvtX,1.5,,background noise,2025-05-07
2025-05-09,Rogue One: A Star Wars Story,2016,https://boxd.it/9E0EFZ,4,Yes,,2025-05-08
2025-05-10,Star Wars,1977,https://boxd.it/9EfWrB,3.5,Yes,,2025-05-09
2025-05-11,The Empire Strikes Back,1980,https://boxd.it/9FbgdN,4.5,Yes,,2025-05-10
2025-05-13,Return of the Jedi,1983,https://boxd.it/9GmVcR,4.5,Yes,,2025-05-12
2025-05-15,Star Wars: The Force Awakens,2015,https://boxd.it/9H4xWz,3,Yes,,2025-05-14
2025-05-15,Star Wars: The Last Jedi,2017,https://boxd.it/9HqCxt,3,Yes,,2025-05-14
2025-05-17,Star Wars: The Rise of Skywalker,2019,https://boxd.it/9I8qLV,1,Yes,,2025-05-16
2025-05-17,Star Wars: The Clone Wars,2008,https://boxd.it/9IrZ7p,2.5,,,2025-05-16
2025-05-18,A Simple Favor,2018,https://boxd.it/9J5OYx,3.5,,,2025-05-17
2025-05-19,Another Simple Favor,2025,https://boxd.it/9JDZKT,1.5,,,2025-05-18
2025-05-20,When Harry Met Sally...,1989,https://boxd.it/9KomKf,5,,,2025-05-19
2025-05-21,Sinners,2025,https://boxd.it/9KT9K9,4,,in theatres,2025-05-20
2025-05-22,Jumper,2008,https://boxd.it/9LsBhJ,3.5,,,2025-05-21
2025-05-23,Trainspotting,1996,https://boxd.it/9M04dR,4,,,2025-05-22
2025-05-25,T2 Trainspotting,2017,https://boxd.it/9MV3Y7,3,,,2025-05-24
2025-05-25,Worth the Wait,2025,https://boxd.it/9N1ANX,2.5,,,2025-05-24
2025-05-25,Eternal Sunshine of the Spotless Mind,2004,https://boxd.it/9NkLNn,4.5,,i cry,2025-05-24
2025-05-28,Grease,1978,https://boxd.it/9PcbDt,3.5,Yes,,2025-05-27
2025-05-28,Grease 2,1982,https://boxd.it/9Pq0pj,3.5,,,2025-05-27
2025-05-30,Notting Hill,1999,https://boxd.it/9Qwm1p,3,,,2025-05-29
2025-05-31,Step Up,2006,https://boxd.it/9R2uCH,4,,,2025-05-30
2025-06-01,Step Up 2: The Streets,2008,https://boxd.it/9RziFl,2.5,,,2025-05-31
2025-06-02,Step Up 3D,2010,https://boxd.it/9SfOol,2.5,,,2025-06-01
2025-06-02,Step Up Revolution,2012,https://boxd.it/9Szj9p,3,,,2025-06-01
2025-06-03,Step Up All In,2014,https://boxd.it/9Tcyl9,2,,,2025-06-02
2025-06-04,But I'm a Cheerleader,1999,https://boxd.it/9TKmtt,3.5,,,2025-06-03
2025-06-06,One Direction: This Is Us,2013,https://boxd.it/9UGWkj,5,Yes,background noise,2025-06-05
2025-06-06,Dead Poets Society,1989,https://boxd.it/9UQasf,5,,i cry,2025-06-05
2025-06-08,I Am Love,2009,https://boxd.it/9VSIsV,3.5,,,2025-06-07
2025-06-08,A Bigger Splash,2015,https://boxd.it/9W6yfv,3.5,,,2025-06-07
2025-06-09,Call Me by Your Name,2017,https://boxd.it/9WR06X,4,,,2025-06-08
2025-06-10,Suspiria,2018,https://boxd.it/9Xt8HD,4,,,2025-06-09
2025-06-12,While You Were Sleeping,1995,https://boxd.it/9YmI3z,4.5,,,2025-06-11
2025-06-12,Bones and All,2022,https://boxd.it/9YBWQl,4.5,,,2025-06-11
2025-06-13,Challengers,2024,https://boxd.it/9YZa3X,4.5,Yes,background noise,2025-06-12
2025-06-13,Queer,2024,https://boxd.it/9ZbxqJ,3,,,2025-06-12
2025-06-14,Bedtime Stories,2008,https://boxd.it/9ZFzZB,3,Yes,,2025-06-13
2025-06-15,Materialists,2025,https://boxd.it/a0hbVB,4.5,,in theatres,2025-06-14
2025-06-16,Sleepless in Seattle,1993,https://boxd.it/a11JyX,3.5,,,2025-06-15
2025-06-18,Bridesmaids,2011,https://boxd.it/a2iouX,4.5,,train time,2025-06-17
2025-06-26,Can't Buy Me Love,1987,https://boxd.it/a7xhYB,2.5,,,2025-06-25
2025-06-30,Tangled,2010,https://boxd.it/aarfeh,5,Yes,,2025-06-29
2025-07-02,Fantastic Four,2005,https://boxd.it/abLGox,3.5,,,2025-07-01
2025-07-03,Fantastic Four: Rise of the Silver Surfer,2007,https://boxd.it/acoUtz,2,,,2025-07-02
2025-07-04,Fantastic Four,2015,https://boxd.it/acKQGX,0.5,Yes,,2025-07-03
2025-07-04,A Nice Indian Boy,2024,https://boxd.it/acXAFZ,4.5,,in theatres,2025-07-03
2025-07-05,About Time,2013,https://boxd.it/adq3of,4.5,,i cry,2025-07-04
2025-07-06,Date Night,2010,https://boxd.it/aefDAj,4,,,2025-07-05
2025-07-08,Chicago,2002,https://boxd.it/afTsHx,4.5,,background noise,2025-07-06
2025-07-08,Confessions of a Teenage Drama Queen,2004,https://boxd.it/afXawT,2.5,,,2025-07-07
2025-07-10,The Princess Bride,1987,https://boxd.it/agYjeF,4,,,2025-07-08
2025-07-10,Wimbledon,2004,https://boxd.it/ahlj0T,4.5,,,2025-07-09
2025-07-11,When a Man Loves a Woman,1994,https://boxd.it/ai2B17,4.5,,i cry,2025-07-10
2025-07-14,KPop Demon Hunters,2025,https://boxd.it/ak8Jhd,4,,,2025-07-13
2025-07-15,Freaky Friday,2003,https://boxd.it/alcylv,4.5,,,2025-07-14
2025-07-16,Zootopia,2016,https://boxd.it/alY9w5,3.5,Yes,,2025-07-15
2025-07-17,Bring It On,2000,https://boxd.it/amwvxx,4,Yes,,2025-07-16
2025-07-17,Bring It On Again,2004,https://boxd.it/amGxt3,1.5,,,2025-07-16
2025-07-18,Bring It On: All or Nothing,2006,https://boxd.it/annbqH,3,,,2025-07-17
2025-07-19,Bring It On: In It to Win It,2007,https://boxd.it/anYd2V,2,,,2025-07-18
2025-07-20,Bring It On: Fight to the Finish,2009,https://boxd.it/aoUWtD,1.5,,,2025-07-19
2025-07-21,Bring It On: Worldwide #Cheersmack,2017,https://boxd.it/apz7dV,0.5,,,2025-07-20
2025-07-21,Bring It On: Cheer Or Die,2022,https://boxd.it/apQKnz,2,,,2025-07-20
2025-07-22,D.E.B.S.,2004,https://boxd.it/aqEr5B,4.5,,,2025-07-21
2025-07-23,She's the Man,2006,https://boxd.it/arpSbv,5,Yes,,2025-07-22
2025-07-24,The Breakfast Club,1985,https://boxd.it/asaewx,4.5,Yes,,2025-07-23
2025-07-25,Monte Carlo,2011,https://boxd.it/asXFHb,3.5,,,2025-07-24
2025-07-26,The Nanny Diaries,2007,https://boxd.it/atDtB5,3,,,2025-07-25
2025-07-27,Confessions of a Shopaholic,2009,https://boxd.it/auHJwd,4,Yes,,2025-07-26
2025-07-28,Booksmart,2019,https://boxd.it/avhXBX,3.5,,,2025-07-27
2025-07-28,When in Rome,2010,https://boxd.it/avEWIT,4,,,2025-07-27
2025-07-29,He's Just Not That Into You,2009,https://boxd.it/awv4XB,3,Yes,,2025-07-28
2025-07-30,The Fantastic 4: First Steps,2025,https://boxd.it/axeNjh,4,,in theatres,2025-07-29
2025-07-31,Death Becomes Her,1992,https://boxd.it/ay5KZl,4.5,,,2025-07-30
2025-08-01,The Rules of Attraction,2002,https://boxd.it/ayQxEX,2.5,,,2025-07-31
2025-08-02,"I, Tonya",2017,https://boxd.it/azjhPN,4.5,,,2025-08-01
2025-08-03,No Hard Feelings,2023,https://boxd.it/aAmZ6R,5,Yes,,2025-08-02
2025-08-05,The Perks of Being a Wallflower,2012,https://boxd.it/aC8yop,4.5,Yes,i cry,2025-08-04
2025-08-06,The Cheetah Girls,2003,https://boxd.it/aCUlox,4,,,2025-08-05
2025-08-09,The Cheetah Girls 2,2006,https://boxd.it/aEyUtV,4.5,,,2025-08-08
2025-08-10,The Cheetah Girls: One World,2008,https://boxd.it/aFsHRR,2.5,,,2025-08-09
2025-08-11,My Old Ass,2024,https://boxd.it/aGOfz9,4,,,2025-08-10
2025-08-12,She's Out of My League,2010,https://boxd.it/aHz5Jn,3.5,Yes,,2025-08-11
2025-08-15,Gilmore Girls: A Year in the Life,2016,https://boxd.it/aJxBmz,3,,,2025-08-14
2025-08-15,Wild Child,2008,https://boxd.it/aJDRgp,3.5,,,2025-08-14
2025-08-17,Ice Princess,2005,https://boxd.it/aKLROV,3.5,,,2025-08-16
2025-08-18,Pretty in Pink,1986,https://boxd.it/aLDoFD,2.5,,,2025-08-17
2025-08-18,You've Got Mail,1998,https://boxd.it/aLLVoL,4.5,,,2025-08-17
2025-08-18,The Virgin Suicides,1999,https://boxd.it/aM5oGn,4,,,2025-08-17
2025-08-19,Fantastic Mr. Fox,2009,https://boxd.it/aMOpXJ,4,,,2025-08-18
2025-08-20,Drive,2011,https://boxd.it/aNtw3Z,3.5,,,2025-08-19
2025-08-21,Superbad,2007,https://boxd.it/aO8NuF,4.5,,,2025-08-20
2025-08-22,10 Things I Hate About You,1999,https://boxd.it/aOy46F,5,Yes,,2025-08-21
2025-08-22,She's All That,1999,https://boxd.it/aONye5,3.5,Yes,background noise,2025-08-21
2025-08-23,The Map That Leads to You,2025,https://boxd.it/aPoztT,3,,"train time, i cry",2025-08-22
2025-09-01,Wicked,2024,https://boxd.it/aVKaa1,5,Yes,background noise,2025-08-31
2025-09-02,Zombieland,2009,https://boxd.it/aWqtLJ,4.5,,,2025-09-01
2025-09-02,Zombieland: Double Tap,2019,https://boxd.it/aWEkYd,3.5,,,2025-09-01
2025-09-03,The Roses,2025,https://boxd.it/aX8gxd,4,,in theatres,2025-09-02
2025-09-04,Stay the Night,2022,https://boxd.it/aXPeql,4.5,,,2025-09-03
2025-10-04,Taylor Swift | The Official Release Party of a Showgirl,2025,https://boxd.it/bfNxH9,3.5,,in theatres,2025-10-03
2025-11-02,Girl vs. Monster,2012,https://boxd.it/bzr7yL,3.5,,,2025-10-31
2025-11-03,Cruel Intentions,1999,https://boxd.it/bAkXVd,4,,,2025-11-02
2025-11-06,Thank You for Smoking,2005,https://boxd.it/bCl9gJ,3,,,2025-11-05
2025-11-07,First Daughter,2004,https://boxd.it/bCRiYz,2.5,,,2025-11-06
2025-11-09,Twilight,2008,https://boxd.it/bElfP9,3,,,2025-11-08
2025-11-11,The Twilight Saga: New Moon,2009,https://boxd.it/bFXnBf,2.5,,,2025-11-10
2025-11-16,The Twilight Saga: Eclipse,2010,https://boxd.it/bJlILb,2,,,2025-11-15
2025-11-17,The Twilight Saga: Breaking Dawn – Part 1,2011,https://boxd.it/bKaEcN,3,,,2025-11-16
2025-11-21,The Twilight Saga: Breaking Dawn – Part 2,2012,https://boxd.it/bMG99l,2.5,,,2025-11-20
2025-11-22,Wicked: For Good,2025,https://boxd.it/bNgTkB,4.5,,"in theatres, i cry",2025-11-21
2025-11-23,Wicked,2024,https://boxd.it/bOcY0x,5,Yes,,2025-11-22
2025-11-30,Happiest Season,2020,https://boxd.it/bSrAc1,3,,background noise,2025-11-28
2025-12-01,A Very Jonas Christmas Movie,2025,https://boxd.it/bTKZQ3,3.5,,background noise,2025-11-30
2025-12-23,A Very Jonas Christmas Movie,2025,https://boxd.it/cbgBDL,3.5,Yes,,2025-12-22
2025-12-25,Santa Buddies,2009,https://boxd.it/cdBfgl,,,background noise,2025-12-24
2025-12-26,Noelle,2019,https://boxd.it/ceHl4V,3,,background noise,2025-12-25
2025-12-27,High School Musical,2006,https://boxd.it/cfWm1R,4.5,Yes,,2025-12-26
2025-12-31,Marty Supreme,2025,https://boxd.it/cl4e5R,2.5,,in theatres,2025-12-30
2026-01-10,People We Meet on Vacation,2026,https://boxd.it/cy6A9n,3.5,,,2026-01-09
2026-01-14,Ex Machina,2015,https://boxd.it/cCUvGn,5,Yes,background noise,2026-01-13
2026-01-16,Blue Valentine,2010,https://boxd.it/cEX8UP,3.5,,background noise,2026-01-15
2026-02-04,Zootopia 2,2025,https://boxd.it/cYUCFT,3.5,,in theatres,2026-02-03
2026-02-11,Send Help,2026,https://boxd.it/d56d2l,4.5,,in theatres,2026-02-10
2026-02-14,Miss Congeniality,2000,https://boxd.it/d7l35x,4.5,,train time,2026-02-13
2026-02-22,Kokuho,2025,https://boxd.it/dfbMZn,4,,"in theatres, i cry",2026-02-21
2026-02-26,How to Make a Killing,2026,https://boxd.it/dj6lyP,3.5,,in theatres,2026-02-25
2026-03-19,The Mighty Ducks,1992,https://boxd.it/dA8D59,3,,background noise,2026-03-18
2026-03-30,Ready or Not,2019,https://boxd.it/dKakN1,4,Yes,,2026-03-29
2026-03-30,Pitch Perfect,2012,https://boxd.it/dKjWRj,5,Yes,,2026-03-29
2026-03-30,Pitch Perfect 2,2015,https://boxd.it/dKo5jN,3.5,Yes,,2026-03-29
2026-04-01,Ready or Not 2: Here I Come,2026,https://boxd.it/dLZBCP,3.5,,in theatres,2026-03-31
2026-04-02,Hoppers,2026,https://boxd.it/dMLGDJ,4,,,2026-04-01
2026-04-12,Mulan,1998,https://boxd.it/dVP5xX,4.5,Yes,,2026-04-10
2026-04-23,The Devil Wears Prada,2006,https://boxd.it/e4M07v,5,Yes,,2026-04-21
2026-04-23,Avatar Aang: The Last Airbender,2026,https://boxd.it/e4M0LP,4,,,2026-04-21
2026-04-24,The Last Song,2010,https://boxd.it/e5WvI7,3,,background noise,2026-04-23
2026-04-29,Project Hail Mary,2026,https://boxd.it/e9SxVb,4.5,,in theatres,2026-04-28
2026-04-30,The Greatest Showman,2017,https://boxd.it/eaFJyB,3,Yes,background noise,2026-04-29
2026-05-08,Send Help,2026,https://boxd.it/eh8Vyv,4.5,Yes,background noise,2026-05-07
2026-05-12,"Crazy, Stupid, Love.",2011,https://boxd.it/ekIQ1F,5,Yes,"background noise, we flyin",2026-05-11
2026-05-12,Eternity,2025,https://boxd.it/ekKjtv,3,,"background noise, we flyin",2026-05-11
2026-05-12,Hairspray,2007,https://boxd.it/ekKkSV,4.5,Yes,"we flyin, background noise",2026-05-11
2026-05-29,Pitch Perfect,2012,https://boxd.it/eym8wV,5,Yes,we flyin,2026-05-28
2026-05-29,Superman,2025,https://boxd.it/eymxO1,3.5,,"we flyin, background noise",2026-05-28
2026-06-17,Aladdin,2019,https://boxd.it/ePbeaR,2,,,2026-06-16
2026-06-23,Avengers: Endgame,2019,https://boxd.it/eUd2Sh,4.5,Yes,,2026-06-21
2026-07-22,The Odyssey,2026,https://boxd.it/fn36IV,2.5,,,2026-07-21
2026-07-22,Obsession,2025,https://boxd.it/fn3Bgt,4,,,2026-07-22
2026-08-02,He's Just Not That Into You,2009,https://boxd.it/fAB63N,3,Yes,,2026-08-01
2026-08-17,Camp Rock 3,2026,https://boxd.it/fS9t9b,2,,,2026-08-16
