Date,Name,Year,Letterboxd URI,Rating
2023-02-17,10 Things I Hate About You,1999,https://boxd.it/23AO,5
2023-02-17,Mean Girls,2004,https://boxd.it/1VNg,5
2023-02-17,The Amazing Spider-Man,2012,https://boxd.it/27PI,4
2023-02-17,Tangled,2010,https://boxd.it/15gO,5
2023-02-17,Big Hero 6,2014,https://boxd.it/5rje,5
2023-02-17,Jennifer's Body,2009,https://boxd.it/1Efw,4
2023-02-17,Fresh,2022,https://boxd.it/tCNi,4.5
2023-02-17,"tick, tick... BOOM!",2021,https://boxd.it/jz2e,4.5
2023-02-17,The First Time,2012,https://boxd.it/2XLS,3.5
2023-02-17,Maze Runner: The Death Cure,2018,https://boxd.it/bakw,4
2023-02-17,Do Revenge,2022,https://boxd.it/sFiA,4.5
2023-02-19,The Spectacular Now,2013,https://boxd.it/4VSG,2
2023-02-19,Not Okay,2022,https://boxd.it/vCEY,1.5
2023-04-07,Daisy Jones & the Six,2023,https://boxd.it/FmyA,4.5
2023-04-11,The Menu,2022,https://boxd.it/lScm,1
2023-04-12,The Batman,2022,https://boxd.it/eDGs,4
2023-04-12,Ready or Not,2019,https://boxd.it/kOf0,4
2023-04-13,The Super Mario Bros. Movie,2023,https://boxd.it/i8C8,3.5
2023-04-13,Prom Pact,2023,https://boxd.it/z8X0,4
2023-05-06,The Edge of Seventeen,2016,https://boxd.it/d5nu,5
2023-05-08,Stuck in Love,2012,https://boxd.it/3L08,4
2023-05-11,The Hunger Games,2012,https://boxd.it/2uds,4
2023-05-11,The Hunger Games: Catching Fire,2013,https://boxd.it/3sAw,5
2023-05-11,The Hunger Games: Mockingjay – Part 1,2014,https://boxd.it/4hka,3.5
2023-05-11,Missing,2023,https://boxd.it/sS1W,3
2023-05-13,"Love, Rosie",2014,https://boxd.it/62hE,4.5
2023-05-15,The Mortal Instruments: City of Bones,2013,https://boxd.it/44va,2
2023-05-19,Juno,2007,https://boxd.it/210a,4
2023-05-24,Folklore: The Long Pond Studio Sessions,2020,https://boxd.it/sRk4,5
2023-05-24,La La Land,2016,https://boxd.it/a5fa,5
2023-05-26,Everything Everywhere All at Once,2022,https://boxd.it/jUk4,5
2023-05-27,Pitch Perfect,2012,https://boxd.it/3OsE,5
2023-06-05,Spider-Man: Into the Spider-Verse,2018,https://boxd.it/azpY,4
2023-06-11,A Walk to Remember,2002,https://boxd.it/1WLq,5
2023-06-12,Spider-Man,2002,https://boxd.it/2a8i,3.5
2023-06-12,Spider-Man 2,2004,https://boxd.it/2a88,4.5
2023-06-16,Spider-Man 3,2007,https://boxd.it/2a7Y,3.5
2023-06-26,"Crazy, Stupid, Love.",2011,https://boxd.it/D9A,5
2023-06-29,The Amazing Spider-Man 2,2014,https://boxd.it/3utM,3
2023-07-01,Hamilton,2020,https://boxd.it/kmvE,5
2023-07-14,The Matrix,1999,https://boxd.it/2a1m,4
2023-07-17,Inception,2010,https://boxd.it/1skk,4.5
2023-07-22,Ghost in the Shell,1995,https://boxd.it/1YYc,3.5
2023-07-26,Ex Machina,2015,https://boxd.it/7T2k,5
2023-07-30,Teen Beach Movie,2013,https://boxd.it/5rKa,4
2023-07-31,Barbie,2023,https://boxd.it/bCLK,5
2023-08-01,Annihilation,2018,https://boxd.it/9yzm,3.5
2023-08-14,Twelve Monkeys,1995,https://boxd.it/2beQ,4
2023-08-16,Minority Report,2002,https://boxd.it/2aWi,4
2023-08-28,27 Dresses,2008,https://boxd.it/21x4,3.5
2023-09-18,The Imitation Game,2014,https://boxd.it/6aig,4
2023-09-19,Little Miss Sunshine,2006,https://boxd.it/29EW,5
2023-09-21,Me Before You,2016,https://boxd.it/9n98,2.5
2023-09-28,21 Jump Street,2012,https://boxd.it/J0,5
2023-09-30,22 Jump Street,2014,https://boxd.it/5Fvy,4
2023-10-17,Taylor Swift: The Eras Tour,2023,https://boxd.it/HTIi,5
2023-10-30,The Other Zoey,2023,https://boxd.it/ynHY,2.5
2023-11-11,Bodies Bodies Bodies,2022,https://boxd.it/iRcE,4
2023-11-13,(500) Days of Summer,2009,https://boxd.it/1EmM,5
2023-11-14,Hannah Montana: The Movie,2009,https://boxd.it/1Hx4,5
2023-11-14,Starstruck,2010,https://boxd.it/1cjq,4
2023-11-14,Bottoms,2023,https://boxd.it/uGf2,4.5
2023-11-20,Miss Americana,2020,https://boxd.it/oifq,5
2023-11-23,Kung Fu Panda 2,2011,https://boxd.it/G36,4
2023-11-23,Kung Fu Panda,2008,https://boxd.it/1Yws,4.5
2023-12-18,The Hunger Games: Mockingjay – Part 2,2015,https://boxd.it/4hk0,4
2023-12-28,Saltburn,2023,https://boxd.it/z4eg,4
2024-01-08,Diary of a Wimpy Kid,2010,https://boxd.it/1fUa,3
2024-01-13,Mean Girls,2024,https://boxd.it/p6nO,3.5
2024-01-28,The Queen's Gambit,2020,https://boxd.it/s1Ym,5
2024-02-04,Diary of a Wimpy Kid: Rodrick Rules,2011,https://boxd.it/gm2,4
2024-04-04,High School Musical,2006,https://boxd.it/1V0y,4.5
2024-04-04,High School Musical 2,2007,https://boxd.it/1PIu,4
2024-04-04,High School Musical 3: Senior Year,2008,https://boxd.it/1SR0,5
2024-04-04,Camp Rock,2008,https://boxd.it/1PHw,3.5
2024-04-04,Princess Protection Program,2009,https://boxd.it/1F5s,4
2024-04-04,Camp Rock 2: The Final Jam,2010,https://boxd.it/Sru,2
2024-04-04,Lemonade Mouth,2011,https://boxd.it/4bG,4
2024-04-04,Geek Charming,2011,https://boxd.it/2Q8k,3.5
2024-04-04,Radio Rebel,2012,https://boxd.it/39mq,4
2024-04-04,Teen Beach 2,2015,https://boxd.it/aArm,3
2024-04-04,Descendants,2015,https://boxd.it/8rMm,4
2024-04-04,Z-O-M-B-I-E-S,2018,https://boxd.it/hp12,3
2024-04-24,Theater Camp,2023,https://boxd.it/Bfbm,4
2024-04-26,Música,2024,https://boxd.it/AA9a,3.5
2024-04-28,West Side Story,2021,https://boxd.it/iwt0,4.5
2024-05-18,Challengers,2024,https://boxd.it/zld0,4.5
2024-05-21,Emma.,2020,https://boxd.it/kmg0,3
2024-05-26,The Atlantic City Story,2020,https://boxd.it/q8iS,2.5
2024-05-26,Pinball: The Man Who Saved the Game,2022,https://boxd.it/wi5Q,4
2024-05-26,Shiva Baby,2020,https://boxd.it/oIv0,4
2024-05-27,Nerve,2016,https://boxd.it/aJIc,3.5
2024-05-28,Up,2009,https://boxd.it/1OEc,5
2024-05-28,Lava,2014,https://boxd.it/8S9G,4
2024-05-28,Bao,2018,https://boxd.it/iEl4,5
2024-06-24,Newsies,2017,https://boxd.it/gxzk,5
2024-06-25,Set It Up,2018,https://boxd.it/dpik,4
2024-06-25,Sydney White,2007,https://boxd.it/1VsM,2.5
2024-06-26,Not Another Teen Movie,2001,https://boxd.it/1TWq,3.5
2024-07-01,Brokeback Mountain,2005,https://boxd.it/2b2q,4
2024-07-07,Scott Pilgrim vs. the World,2010,https://boxd.it/1Aq6,5
2024-07-08,Lisa Frankenstein,2024,https://boxd.it/ByjY,4
2024-07-16,Anyone But You,2023,https://boxd.it/EzA8,3
2024-08-01,Mamma Mia!,2008,https://boxd.it/1Tnq,5
2024-08-07,Mamma Mia! Here We Go Again,2018,https://boxd.it/gnfO,4
2024-08-13,No Hard Feelings,2023,https://boxd.it/xouu,5
2024-08-16,The Last Five Years,2014,https://boxd.it/6boO,3
2024-08-23,The Maze Runner,2014,https://boxd.it/5YPM,4
2024-08-25,Maze Runner: The Scorch Trials,2015,https://boxd.it/9hwA,3
2024-08-27,Divergent,2014,https://boxd.it/4VT0,3
2024-08-27,Insurgent,2015,https://boxd.it/7NNa,3
2024-08-27,Allegiant,2016,https://boxd.it/7NNE,2
2024-08-29,John Tucker Must Die,2006,https://boxd.it/1Z2S,3.5
2024-08-30,Pitch Perfect 2,2015,https://boxd.it/7tNa,3.5
2024-08-30,Pitch Perfect 3,2017,https://boxd.it/bUre,2
2024-08-31,Whiplash,2014,https://boxd.it/7bQA,5
2024-09-03,Never Been Kissed,1999,https://boxd.it/1U3c,2
2024-09-05,Priscilla,2023,https://boxd.it/Cz3k,3
2024-09-05,Baby Driver,2017,https://boxd.it/bhF2,4
2024-09-05,Diary of a Wimpy Kid: Dog Days,2012,https://boxd.it/2TG0,3.5
2024-09-10,American Assassin,2017,https://boxd.it/eFLE,2
2024-09-13,Glee: The Concert Movie,2011,https://boxd.it/2fd8,2.5
2024-09-15,Because I Said So,2007,https://boxd.it/28ZE,2.5
2024-10-01,Arrival,2016,https://boxd.it/aNGk,4
2024-10-15,Saturday Night,2024,https://boxd.it/Gpfo,4
2024-10-17,Scream,1996,https://boxd.it/24EC,3.5
2024-10-18,The Fall Guy,2024,https://boxd.it/s0Bm,4
2024-10-31,Wizards of Waverly Place: The Movie,2009,https://boxd.it/1thQ,5
2024-11-01,The Rocky Horror Picture Show,1975,https://boxd.it/1a3q,5
2024-11-05,Scream 2,1997,https://boxd.it/24Es,3
2024-11-07,"Red, White & Royal Blue",2023,https://boxd.it/z3iG,4
2024-11-13,We Live in Time,2024,https://boxd.it/FC5u,4.5
2024-11-22,Wicked,2024,https://boxd.it/e8ME,5
2024-11-28,The Hunger Games: The Ballad of Songbirds & Snakes,2023,https://boxd.it/pZCY,4.5
2024-12-27,Inside Out 2,2024,https://boxd.it/CFrC,3
2024-12-30,Moulin Rouge!,2001,https://boxd.it/29wI,4.5
2025-01-10,Everyone is Doing Great,2018,https://boxd.it/hNaW,3
2025-01-19,Sixteen Candles,1984,https://boxd.it/1MJk,1
2025-01-19,Mr. & Mrs. Smith,2005,https://boxd.it/29CG,5
2025-01-29,One of Them Days,2025,https://boxd.it/MReU,4
2025-03-14,Mickey 17,2025,https://boxd.it/q1Dk,3.5
2025-03-24,Bottled with Love,2019,https://boxd.it/lA9a,3.5
2025-03-25,Bride Wars,2009,https://boxd.it/1W3I,3
2025-03-25,Puppy Love,2023,https://boxd.it/HeaE,2.5
2025-03-28,Back to the Future,1985,https://boxd.it/2b8e,4.5
2025-03-29,Back to the Future Part II,1989,https://boxd.it/2aYI,4
2025-03-30,Back to the Future Part III,1990,https://boxd.it/2aTS,3
2025-03-30,The Gorge,2025,https://boxd.it/zRqK,3
2025-03-31,Knives Out,2019,https://boxd.it/jWEA,4.5
2025-04-01,Death of a Unicorn,2025,https://boxd.it/HCPm,2.5
2025-04-07,Glass Onion,2022,https://boxd.it/oCkK,4
2025-04-28,Past Lives,2023,https://boxd.it/oNB8,4.5
2025-05-06,Star Wars: Episode I – The Phantom Menace,1999,https://boxd.it/27Vc,2
2025-05-06,Star Wars: Episode II – Attack of the Clones,2002,https://boxd.it/27V2,2.5
2025-05-07,Star Wars: Episode III – Revenge of the Sith,2005,https://boxd.it/27US,4
2025-05-09,Rogue One: A Star Wars Story,2016,https://boxd.it/aPvy,4
2025-05-09,Star Wars,1977,https://boxd.it/72s,3.5
2025-05-11,The Empire Strikes Back,1980,https://boxd.it/27Vw,4.5
2025-05-13,Return of the Jedi,1983,https://boxd.it/27Vm,4.5
2025-05-14,Star Wars: The Force Awakens,2015,https://boxd.it/4vru,3
2025-05-15,Star Wars: The Last Jedi,2017,https://boxd.it/5xme,3
2025-05-16,Star Wars: The Rise of Skywalker,2019,https://boxd.it/5xlK,1
2025-05-16,Solo: A Star Wars Story,2018,https://boxd.it/bGWs,1.5
2025-05-17,Star Wars: The Clone Wars,2008,https://boxd.it/1Sly,2.5
2025-05-18,A Simple Favor,2018,https://boxd.it/hq92,3.5
2025-05-18,Another Simple Favor,2025,https://boxd.it/AO6k,1.5
2025-05-20,When Harry Met Sally...,1989,https://boxd.it/29W2,5
2025-05-21,Sinners,2025,https://boxd.it/KQMM,4
2025-05-22,Jumper,2008,https://boxd.it/20ss,3.5
2025-05-25,Trainspotting,1996,https://boxd.it/29XY,4
2025-05-25,T2 Trainspotting,2017,https://boxd.it/5vTA,3
2025-05-25,Worth the Wait,2025,https://boxd.it/HaXM,2.5
2025-05-25,Eternal Sunshine of the Spotless Mind,2004,https://boxd.it/6YK,4.5
2025-05-28,Grease,1978,https://boxd.it/29YW,3.5
2025-05-28,Grease 2,1982,https://boxd.it/1Zk8,3.5
2025-05-30,Notting Hill,1999,https://boxd.it/2aeK,3
2025-05-31,Step Up,2006,https://boxd.it/1XS8,4
2025-06-01,Step Up 2: The Streets,2008,https://boxd.it/20mk,2.5
2025-06-02,Step Up 3D,2010,https://boxd.it/ZS8,2.5
2025-06-02,Step Up Revolution,2012,https://boxd.it/31yo,3
2025-06-03,Step Up All In,2014,https://boxd.it/79Wc,2
2025-06-04,But I'm a Cheerleader,1999,https://boxd.it/1CW4,3.5
2025-06-06,One Direction: This Is Us,2013,https://boxd.it/57km,5
2025-06-06,Dead Poets Society,1989,https://boxd.it/2aSg,5
2025-06-08,I Am Love,2009,https://boxd.it/10ac,3.5
2025-06-08,A Bigger Splash,2015,https://boxd.it/azgs,3.5
2025-06-09,Call Me by Your Name,2017,https://boxd.it/dYmm,4
2025-06-10,Suspiria,2018,https://boxd.it/cioI,4
2025-06-12,While You Were Sleeping,1995,https://boxd.it/27wm,4.5
2025-06-12,Bones and All,2022,https://boxd.it/tLd4,4.5
2025-06-13,Queer,2024,https://boxd.it/E4RW,3
2025-06-14,Bedtime Stories,2008,https://boxd.it/1WPM,3
2025-06-15,Materialists,2025,https://boxd.it/GZlW,4.5
2025-06-16,Sleepless in Seattle,1993,https://boxd.it/29re,3.5
2025-06-18,Bridesmaids,2011,https://boxd.it/rac,4.5
2025-07-02,Can't Buy Me Love,1987,https://boxd.it/1R4c,2.5
2025-07-02,Fantastic Four,2005,https://boxd.it/1XVw,3.5
2025-07-03,Fantastic Four: Rise of the Silver Surfer,2007,https://boxd.it/27Ii,2
2025-07-04,Fantastic Four,2015,https://boxd.it/5a9c,0.5
2025-07-04,A Nice Indian Boy,2024,https://boxd.it/GG6o,4.5
2025-07-05,About Time,2013,https://boxd.it/43bI,4.5
2025-07-06,Date Night,2010,https://boxd.it/2l5a,4
2025-07-08,Chicago,2002,https://boxd.it/28zm,4.5
2025-07-08,Confessions of a Teenage Drama Queen,2004,https://boxd.it/1UyE,2.5
2025-07-10,The Princess Bride,1987,https://boxd.it/26EY,4
2025-07-10,Wimbledon,2004,https://boxd.it/1T0m,4.5
2025-07-11,When a Man Loves a Woman,1994,https://boxd.it/1WeG,4.5
2025-07-14,KPop Demon Hunters,2025,https://boxd.it/ufwK,4
2025-07-15,Freaky Friday,2003,https://boxd.it/1WwK,4.5
2025-07-16,Zootopia,2016,https://boxd.it/84xS,3.5
2025-07-17,Bring It On,2000,https://boxd.it/28x6,4
2025-07-18,Bring It On: All or Nothing,2006,https://boxd.it/1Umo,3
2025-07-18,Bring It On Again,2004,https://boxd.it/1RKW,1.5
2025-07-19,Bring It On: In It to Win It,2007,https://boxd.it/1My2,2
2025-07-20,Bring It On: Fight to the Finish,2009,https://boxd.it/1BPQ,1.5
2025-07-21,Bring It On: Worldwide #Cheersmack,2017,https://boxd.it/gJD4,0.5
2025-07-21,Bring It On: Cheer Or Die,2022,https://boxd.it/vlq6,2
2025-07-22,D.E.B.S.,2004,https://boxd.it/2aaS,4.5
2025-07-23,She's the Man,2006,https://boxd.it/1Y7W,5
2025-07-24,The Breakfast Club,1985,https://boxd.it/27q4,4.5
2025-07-26,The Nanny Diaries,2007,https://boxd.it/1RZM,3
2025-07-27,Confessions of a Shopaholic,2009,https://boxd.it/1E9e,4
2025-07-28,Monte Carlo,2011,https://boxd.it/hqk,3.5
2025-07-28,Booksmart,2019,https://boxd.it/igNS,3.5
2025-07-28,When in Rome,2010,https://boxd.it/1Q5S,4
2025-07-30,The Fantastic 4: First Steps,2025,https://boxd.it/mP6C,4
2025-07-31,Death Becomes Her,1992,https://boxd.it/1YQi,4.5
2025-08-01,He's Just Not That Into You,2009,https://boxd.it/1WSG,3
2025-08-01,The Rules of Attraction,2002,https://boxd.it/286Y,2.5
2025-08-02,"I, Tonya",2017,https://boxd.it/dzR0,4.5
2025-08-05,The Perks of Being a Wallflower,2012,https://boxd.it/2ZA8,4.5
2025-08-06,The Cheetah Girls,2003,https://boxd.it/1hkS,4
2025-08-09,The Cheetah Girls 2,2006,https://boxd.it/17Ws,4.5
2025-08-10,The Cheetah Girls: One World,2008,https://boxd.it/1rns,2.5
2025-08-11,My Old Ass,2024,https://boxd.it/zLP0,4
2025-08-12,She's Out of My League,2010,https://boxd.it/1eww,3.5
2025-08-15,Gilmore Girls: A Year in the Life,2016,https://boxd.it/f9og,3
2025-08-16,Wild Child,2008,https://boxd.it/1P0C,3.5
2025-08-17,Ice Princess,2005,https://boxd.it/1QjA,3.5
2025-08-18,Pretty in Pink,1986,https://boxd.it/1TEw,2.5
2025-08-18,You've Got Mail,1998,https://boxd.it/1Yye,4.5
2025-08-18,The Virgin Suicides,1999,https://boxd.it/28JG,4
2025-08-19,Fantastic Mr. Fox,2009,https://boxd.it/1WyQ,4
2025-08-20,Drive,2011,https://boxd.it/IG,3.5
2025-08-21,Superbad,2007,https://boxd.it/20hO,4.5
2025-08-22,She's All That,1999,https://boxd.it/1Wz0,3.5
2025-08-23,The Map That Leads to You,2025,https://boxd.it/O5uk,3
2025-09-02,Zombieland,2009,https://boxd.it/1En6,4.5
2025-09-03,The Roses,2025,https://boxd.it/MjnI,4
2025-09-04,Zombieland: Double Tap,2019,https://boxd.it/bgb6,3.5
2025-09-04,Stay the Night,2022,https://boxd.it/zd58,4.5
2025-10-04,Taylor Swift | The Official Release Party of a Showgirl,2025,https://boxd.it/XHN8,3.5
2025-11-02,Girl vs. Monster,2012,https://boxd.it/4r7K,3.5
2025-11-03,Cruel Intentions,1999,https://boxd.it/29Be,4
2025-11-11,Thank You for Smoking,2005,https://boxd.it/1YOc,3
2025-11-11,First Daughter,2004,https://boxd.it/1P0W,2.5
2025-11-11,Twilight,2008,https://boxd.it/1Zui,3
2025-11-16,The Twilight Saga: Eclipse,2010,https://boxd.it/1ytW,2
2025-11-16,Snow White,2025,https://boxd.it/fVuc,1.5
2025-11-17,The Twilight Saga: Breaking Dawn – Part 1,2011,https://boxd.it/DdM,3
2025-11-17,The Twilight Saga: New Moon,2009,https://boxd.it/1Hj2,2.5
2025-11-21,The Twilight Saga: Breaking Dawn – Part 2,2012,https://boxd.it/DdC,2.5
2025-11-22,Wicked: For Good,2025,https://boxd.it/AyfK,4.5
2025-11-30,Happiest Season,2020,https://boxd.it/iS3I,3
2025-12-01,A Very Jonas Christmas Movie,2025,https://boxd.it/SJ3c,3.5
2025-12-26,Noelle,2019,https://boxd.it/gdzE,3
2025-12-31,Marty Supreme,2025,https://boxd.it/Off0,2.5
2026-01-10,People We Meet on Vacation,2026,https://boxd.it/D8ME,3.5
2026-01-16,Blue Valentine,2010,https://boxd.it/MxG,3.5
2026-02-04,Zootopia 2,2025,https://boxd.it/F0vO,3.5
2026-02-11,Send Help,2026,https://boxd.it/JuhA,4.5
2026-02-14,Miss Congeniality,2000,https://boxd.it/28GM,4.5
2026-02-22,Kokuho,2025,https://boxd.it/R6yo,4
2026-02-26,How to Make a Killing,2026,https://boxd.it/gLi8,3.5
2026-03-19,The Mighty Ducks,1992,https://boxd.it/1Wka,3
2026-04-01,Ready or Not 2: Here I Come,2026,https://boxd.it/MfY6,3.5
2026-04-02,Hoppers,2026,https://boxd.it/OFpg,4
2026-04-12,Mulan,1998,https://boxd.it/1VFw,4.5
2026-04-23,The Devil Wears Prada,2006,https://boxd.it/2awE,5
2026-04-23,Avatar Aang: The Last Airbender,2026,https://boxd.it/B1BK,4
2026-04-24,The Last Song,2010,https://boxd.it/1c5I,3
2026-04-29,Project Hail Mary,2026,https://boxd.it/pEeQ,4.5
2026-04-30,The Greatest Showman,2017,https://boxd.it/acjI,3
2026-05-12,Eternity,2025,https://boxd.it/LYtK,3
2026-05-12,Hairspray,2007,https://boxd.it/261M,4.5
2026-05-29,Superman,2025,https://boxd.it/E9IU,3.5
2026-06-23,Avengers: Endgame,2019,https://boxd.it/9vE4,4.5
2026-07-22,The Odyssey,2026,https://boxd.it/QFQU,2.5
2026-07-22,Obsession,2025,https://boxd.it/PNqo,4
2026-08-02,Aladdin,2019,https://boxd.it/eSjy,2
2026-08-17,Camp Rock 3,2026,https://boxd.it/VuiW,2
