Date,Name,Year,Letterboxd URI,Rating,Rewatch,Review,Tags,Watched Date
2023-02-17,10 Things I Hate About You,1999,https://boxd.it/3RN5Of,5,Yes,literally the best romcom ever,,2023-02-16
2023-02-17,(500) Days of Summer,2009,https://boxd.it/3RN6UX,5,,made me lose my mind in the best way possible,,2023-02-16
2023-02-17,"tick, tick... BOOM!",2021,https://boxd.it/3RN8R7,5,,yes just yes,,2023-02-16
2023-02-17,The Amazing Spider-Man,2012,https://boxd.it/3RNabn,4,,andrew garfield peter parker / spider man is good fight me,,2023-02-16
2023-02-17,The Amazing Spider-Man 2,2014,https://boxd.it/3RNbZD,3,,"everything about this movie (actors, acting, cinematography) is good except the actual storyline",,2023-02-16
2023-02-17,Tangled,2010,https://boxd.it/3RNcXN,5,,BEST DISNEY PRINCESS MOVIEEEEEE,,2023-02-16
2023-02-17,Jennifer's Body,2009,https://boxd.it/3RNdY3,4,,unironically such a good movie ,,2023-02-16
2023-02-17,Fresh,2022,https://boxd.it/3RNfjB,4.5,,a movie about this topic should not be this good,,2023-02-16
2023-02-17,Rogue One: A Star Wars Story,2016,https://boxd.it/3RNhGR,3.5,,the only decent disney star wars film,,2023-02-16
2023-02-17,American Assassin,2017,https://boxd.it/3RNjaj,2.5,,dylan orbien is hot,,2023-02-16
2023-02-17,The First Time,2012,https://boxd.it/3RNkyr,3.5,,its cute its awkward its very much teenagers in hs its so real for that ,,2023-02-16
2023-02-17,The Maze Runner,2014,https://boxd.it/3RNmaB,4.5,,nothing to say other than its really good and stays true to the book,,2023-02-16
2023-02-17,Maze Runner: The Scorch Trials,2015,https://boxd.it/3RNmUz,3.5,,meh i wish it was more like the book but its still cool,,2023-02-16
2023-02-17,Maze Runner: The Death Cure,2018,https://boxd.it/3RNo25,4,,makes me angry and upset and i cry,,2023-02-16
2023-02-17,Not Okay,2022,https://boxd.it/3RNpyL,1.5,,"cringe in a ""i actually dont know if i can finish this"" way but dylan obrien is there",,2023-02-16
2023-02-17,Do Revenge,2022,https://boxd.it/3RNvqD,4.5,,"soooo self aware this is the right way to do an ""ironic"" and ""cringey"" movie",,2023-02-16
2023-02-17,The Spectacular Now,2013,https://boxd.it/3RNzIL,2,,i have never felt more confused and fucked up by anything,,2023-02-16
2023-02-17,The Edge of Seventeen,2016,https://boxd.it/3RNAHJ,5,Yes,so amazing so real she like me fr i love hailee steinfeld,,2023-05-05
2023-02-17,Not Another Teen Movie,2001,https://boxd.it/3RNC9f,4.5,,lowkey a less pg shes all that but thats what makes it better ,,2023-02-16
2023-04-05,Daisy Jones & the Six,2023,https://boxd.it/44DMcb,4.5,,so good and the songs are too catchy its illegal wtf,,2023-04-04
2023-04-07,The Super Mario Bros. Movie,2023,https://boxd.it/45ctGV,3.5,,"super fun and lighthearted movie, felt the pacing and comedic timing was odd at times but overall great movie",in theatres,2023-04-06
2023-04-10,Prom Pact,2023,https://boxd.it/46i9Qn,4,,"she was kinda a horrible friend but i like how everyone gets what they wanted without the ""omg ofc ill sacrifice everything to be with you"" thing",,2023-04-09
2023-04-10,The Menu,2022,https://boxd.it/46kpB3,1,,i feel like id like it if i understood it,,2023-04-09
2023-05-08,Stuck in Love,2012,https://boxd.it/4dERQD,4,Yes,the roller coaster that this is is just real and kinda fun idk ,,2023-05-07
2023-05-11,The Hunger Games,2012,https://boxd.it/4ezKzf,4,,i mean cmon its a classic (i love haymitch),,2023-05-10
2023-05-11,The Hunger Games: Catching Fire,2013,https://boxd.it/4ezLcB,5,,LITERALLY THE BEST OF THE TRILOGYYY FINNICK>>>>,,2023-05-10
2023-05-11,The Hunger Games: Mockingjay – Part 1,2014,https://boxd.it/4ezLV7,3.5,,its good but i miss peeta,,2023-05-10
2023-05-11,The Hunger Games: Mockingjay – Part 2,2015,https://boxd.it/4ezNW7,3.5,,the end is a nice wrap up but middle is not that good sorry,,2023-05-11
2023-05-11,Missing,2023,https://boxd.it/4ezRRZ,3,,i liked it but hated it (in a good way) at the same time? my emotions were everywhere ,,2023-05-11
2023-05-13,"Love, Rosie",2014,https://boxd.it/4eXSUN,4.5,,i faked a british accent the whole time while watching this bc i could totally play rosie,,2023-05-12
2023-05-13,The Starving Games,2013,https://boxd.it/4f0fht,2,,i could only get through half but everything is just crazy out of pocket but def some funny moments,,
2023-05-15,The Mortal Instruments: City of Bones,2013,https://boxd.it/4fvhGd,2,,lots to say but what matters is - i wish i could say i liked it but in reality i wasted 2 hours of my life ,,2023-05-14
2023-05-26,Everything Everywhere All at Once,2022,https://boxd.it/4i95KP,5,,slightly confused but crying,i cry,2023-05-25
2023-06-05,Spider-Man: Into the Spider-Verse,2018,https://boxd.it/4kOWC5,4,,i love the art style its so fun and colourful,,2023-06-05
2023-06-11,A Walk to Remember,2002,https://boxd.it/4mhgYF,5,Yes,sobbing shaking quaking this movie altered the course of my life in gr 9,,2023-06-10
2023-06-12,Spider-Man,2002,https://boxd.it/4mxJZf,3.5,,"3 stars but +1/2 for jk simmons, +1/2 for general 2000s goofiness, -1/2 for forcing me to see willem on all fours",,2023-06-11
2023-06-12,Spider-Man 2,2004,https://boxd.it/4mA4kB,4.5,,maybe if mj screamed less itd be 5 stars,,2023-06-11
2023-06-16,Spider-Man 3,2007,https://boxd.it/4nH1Sj,3.5,,i wish we could have an entire movie of emo peter ,,2023-06-15
2023-06-26,"Crazy, Stupid, Love.",2011,https://boxd.it/4qsU9F,5,Yes,i put this in my fav films before reviewing or rating it bc i was that excited i guess ??,,2023-06-25
2023-06-29,The Amazing Spider-Man 2,2014,https://boxd.it/4rudcf,3,Yes,whoever said this movie needed two villains should be fired if it was just electro it wouldve been pretty decent ,,2023-06-28
2023-07-01,Hamilton,2020,https://boxd.it/4rRcX1,5,Yes,this is like my 4th time watching and i still manage to notice smt new,,2023-06-30
2023-07-14,The Matrix,1999,https://boxd.it/4vMDLn,4,,my brain hurt a lil but it’s a crazy good time,,2023-07-13
2023-07-17,Inception,2010,https://boxd.it/4wKH9H,4.5,,trippyyyy,,2023-07-16
2023-07-22,Ghost in the Shell,1995,https://boxd.it/4yosKH,3.5,,she just like me fr having existential crises ,,2023-07-21
2023-07-26,Ex Machina,2015,https://boxd.it/4AjH1v,5,,she just really wanted to touch grass ,,2023-07-25
2023-07-30,Teen Beach Movie,2013,https://boxd.it/4BYmaH,4,Yes,but wtf is actually happening in wet side story ,,2023-07-29
2023-07-31,Barbie,2023,https://boxd.it/4Cj4SN,5,,IM depressed barbie,in theatres,2023-07-30
2023-08-01,Annihilation,2018,https://boxd.it/4CMII7,3.5,,"this was just a constant ""hey i know you from that other movie"" ",,2023-07-31
2023-08-14,Twelve Monkeys,1995,https://boxd.it/4GZ0Lt,4,,the best word to sum up this movie is - insane,,2023-08-13
2023-08-16,Minority Report,2002,https://boxd.it/4HNGHX,4,,i did not expect that bald tom cruise reveal ,,2023-08-16
2023-08-28,27 Dresses,2008,https://boxd.it/4LwrBH,3.5,Yes,how could a movie get so mid so quick ,,2023-08-28
2023-09-18,The Imitation Game,2014,https://boxd.it/4RxXLl,4,,watching this with nerds is the ultimate nerd experience ,,2023-09-17
2023-09-19,Little Miss Sunshine,2006,https://boxd.it/4RUDKN,5,,fuck beauty pageants ,,2023-09-18
2023-09-21,Me Before You,2016,https://boxd.it/4SlHX1,2.5,,i so badly wanted to like this but even sam claflin being that hot couldnt save it,,2023-09-20
2023-09-28,21 Jump Street,2012,https://boxd.it/4UnTA1,5,Yes,HAIL KOREAN JESUS,,2023-09-27
2023-09-30,22 Jump Street,2014,https://boxd.it/4ULf3p,4,Yes,so many iconic scenes in this movie its insane,,2023-09-29
2023-10-17,Taylor Swift: The Eras Tour,2023,https://boxd.it/50xRsN,5,,mother,in theatres,2023-10-16
2023-10-30,The Other Zoey,2023,https://boxd.it/5516ED,2.5,,drew starkey is so hot ,,2023-10-29
2023-11-02,The Rocky Horror Picture Show,1975,https://boxd.it/565ImJ,3,,im so neutral bc wtf did i just watch but its so weird and stupid that its good ,,2023-11-01
2023-11-06,Ex Machina,2015,https://boxd.it/57w0xB,5,Yes,the dance scene is one of the greatest scenes of all time ,,2023-11-05
2023-11-11,Bodies Bodies Bodies,2022,https://boxd.it/58UiUZ,4,,peak comedy ,,2023-11-10
2023-11-13,(500) Days of Summer,2009,https://boxd.it/59wuod,5,Yes,"why are people fighting over who the ""villain"" is like there doesnt have to be a villain or a bad guy. i feel like this is just life, things dont work out between some people and that sucks but no one is bad or evil. (i could talk about this movie forever) ",,2023-11-12
2023-11-14,Starstruck,2010,https://boxd.it/59SNn3,4,Yes,"sara needs to learn how to not be parasocial, jessica needs to be less annoying, christopher needs to be less rich, petunia is GONE, but i still love this movie",,2023-11-13
2023-11-14,Bottoms,2023,https://boxd.it/59YMG1,4.5,,satirical movies are soooo back ,,2023-11-13
2023-11-20,Miss Americana,2020,https://boxd.it/5bRDPn,5,,we need a new documentary of the literal moment this one ended to now bc sooo much has happened ,,2023-11-19
2023-11-21,Kung Fu Panda,2008,https://boxd.it/5cbY2B,4.5,Yes,how is a movie about a panda learning kung fu to beat a leopard so visually beautiful and full of lessons and makes me wanna cry ??,,2023-11-20
2023-11-23,Kung Fu Panda 2,2011,https://boxd.it/5cMf4L,4,Yes,~inner peace~,,2023-11-22
2023-11-29,The Hunger Games: The Ballad of Songbirds & Snakes,2023,https://boxd.it/5eYf6z,4.5,,his villain origin being his crush left him and haunted him with her voice is modern day i was simp then she left me,in theatres,2023-11-28
2023-12-05,The Hunger Games,2012,https://boxd.it/5gQppD,4,Yes,happy hunger games we are sooo back,,2023-12-04
2023-12-09,The Hunger Games: Catching Fire,2013,https://boxd.it/5ifqvB,5,Yes,"elevator scene, the beautiful arena, if it werent for the baby, finnick, johanna, ugh catching fire you will always be famous",,2023-12-09
2023-12-17,The Hunger Games: Mockingjay – Part 1,2014,https://boxd.it/5l1hlV,3.5,Yes,as a peeta girly this was just too much gale and not enough peeta (EVERYONE GET YOUR HANDS OFF PEETA) ,,2023-12-16
2023-12-18,The Hunger Games: Mockingjay – Part 2,2015,https://boxd.it/5ljvWx,4,Yes,"dude this movie is actually really fucking sad

also peeta and finnicks friendship should be talked about more ",,2023-12-17
2023-12-23,The Hunger Games: The Ballad of Songbirds & Snakes,2023,https://boxd.it/5npvKL,4.5,Yes,snow is so annoying like why is he so rude and a shit friend he infuriates me it’s crazy but also … he so sexy,train time,2023-12-22
2023-12-28,Saltburn,2023,https://boxd.it/5pZxuv,4,,"oh my god. crazy. creepy. weird. but amazing????

also i love a tasteful dance scene",,2023-12-27
2024-01-01,Taylor Swift: The Eras Tour,2023,https://boxd.it/5slYVF,5,Yes,finally watched the ext version but IM STILL WAITING FOR CARDIGAN,,2023-12-31
2024-01-08,Diary of a Wimpy Kid,2010,https://boxd.it/5xgcwx,3,Yes,"more like diary of the most annoying, obsessed with popularity, insecure, jealous person but we can agree, i am the only one that gets comedy",,2024-01-07
2024-01-13,Mean Girls,2024,https://boxd.it/5zLcL3,3.5,,"a fun and funny movie but not necessarily a good movie ... but im biased and still liked it bc ive wanted to watch mean girls on broadway for like 3 years 

alsooooo halloween sequence made the movie for me that was cinema and still gave broadway i was in awe",in theatres,2024-01-12
2024-01-28,The Queen's Gambit,2020,https://boxd.it/5HGRJf,5,Yes,"and what if i DID rewatch mainly for benny ""do you still like my hair?"" watts huh? what about it",,2024-01-28
2024-02-04,Diary of a Wimpy Kid: Rodrick Rules,2011,https://boxd.it/5L1eGv,4,Yes,exploded diaper by löded diaper would be in my spotify wrapped ,,2024-02-03
2024-03-15,Taylor Swift: The Eras Tour,2023,https://boxd.it/63nyqX,5,Yes,finally cardigan :D !!! and maroon on piano is my new religion,,2024-03-14
2024-04-24,Theater Camp,2023,https://boxd.it/6kV0Td,4,,so whens joan still gonna be on broadway ,,2024-04-23
2024-04-26,Música,2024,https://boxd.it/6lrI1j,3.5,,"im not sure i ""get it"" (im not brazilian) but i see the vision and the editing was really cool",,2024-04-25
2024-04-26,Challengers,2024,https://boxd.it/6lAFsz,4,,they came they served they conquered (each others bodies),in theatres,2024-04-25
2024-04-28,West Side Story,2021,https://boxd.it/6mvWmn,4.5,,"this film is so visually beautiful in the colours, set design, costumes, etc but i cant give it 5 stars bc i just really dont like tony... (TONY tony & his actor)",,2024-04-28
2024-05-18,Challengers,2024,https://boxd.it/6uJH3l,4.5,Yes,SM BETTER ON THE REWATCH!! everyone is so amazing in this movie im obsessedddd,,2024-05-18
2024-05-21,Emma.,2020,https://boxd.it/6w3ubl,3,,"dont know if im stupid, didnt pay enough attention, or distracted by all the pretty people and costumes but it did not feel like this had a lot of plot ",,2024-05-21
2024-05-25,Pinball: The Man Who Saved the Game,2022,https://boxd.it/6xrLOB,4,,this made both 14 yr old teen wolf obsessed me and now challengers/mike faist obsessed me happy (THE STACHE GOES CRAZYY),,2024-05-24
2024-05-26,The Atlantic City Story,2020,https://boxd.it/6xLz3j,2.5,,cake by the ocean GODDAMN,,2024-05-25
2024-05-26,Shiva Baby,2020,https://boxd.it/6xS07p,4,,"as someone with anxiety, i recommend all anxious people to watch this movie nothing could go wrong!",,2024-05-25
2024-05-27,Nerve,2016,https://boxd.it/6yhKpJ,3.5,Yes,that ending was kinda shit but i still like this movie. its so 2016 but thats exactly why i like it ,,2024-05-26
2024-05-28,Up,2009,https://boxd.it/6yZw6L,5,Yes,"""i think the boring stuff is the stuff i remember the most""

what if i said i cried 3 separate times ",,2024-05-27
2024-05-28,Lava,2014,https://boxd.it/6yZRrF,4,Yes,"i remember crying so bad to this in the theatre: it was the short film before inside out, which i of course also cried to ",,2024-05-27
2024-05-28,Bao,2018,https://boxd.it/6z0qCj,5,Yes,"i could write a whole essay about this short film bc of how i a chinese first generation canadian find it relatable to my past (i had a lil rebellious phase and shut my parents out and i regret it so bad), my present (i currently write this in my college town in my college room away from my parents), and my potential future (i dont ever want to lose the relationship i have with my parents and i want them to know i love and appreciate them). its also a generational thing bc my mom said the lady reminded her of my grandma (my dads mom, her mother in law) and she made the best bao. 

people always talk about how asians cant SAY i love you, they just do something for you and the way the mom was so protective of the bao is the exact way my mom is. 

truly i could go on and on about this for a very long time. ",,2024-05-27
2024-05-29,Challengers,2024,https://boxd.it/6zpfcT,4.5,Yes,the irony of smile by lily allen playing in the stanford cafeteria 💀,in theatres,2024-05-29
2024-06-24,Challengers,2024,https://boxd.it/6JFKT7,4.5,Yes,"ROUND FOURRRR
it’s super windy and rainy in my city so i walked out of the theatre and felt like tashi and patrick out in the storm",in theatres,2024-06-23
2024-06-24,Newsies,2017,https://boxd.it/6JOee5,5,,these dancing paper boys should be at the club ,,2024-06-23
2024-06-25,Set It Up,2018,https://boxd.it/6KbLEV,4,Yes,i was half paying attention since this was a rewatch but i will confidently say this is one of the best romcoms in the last 10 years,,2024-06-24
2024-06-25,Sydney White,2007,https://boxd.it/6KbOQ1,2.5,,i think we're ALL a dork ,,2024-06-24
2024-06-26,Not Another Teen Movie,2001,https://boxd.it/6KtppF,3.5,Yes,so fucking stupid that it’s so fucking awesome,,2024-06-25
2024-07-01,Brokeback Mountain,2005,https://boxd.it/6Mycfl,4,,i too would fall in love with anne hathaway at first sight bc who wouldnt when she looked like THAT and did THAT ,,2024-07-01
2024-07-07,Scott Pilgrim vs. the World,2010,https://boxd.it/6P11dJ,5,,this 100% fucks but i also know im biased bc its in toronto (average torontonian experience) ,,2024-07-06
2024-07-08,Lisa Frankenstein,2024,https://boxd.it/6PldvZ,4,,"""you said sisters share! you couldn’t let me have this one thing?!?"" no one said you couldnt share him... ;)",,2024-07-07
2024-07-16,Anyone But You,2023,https://boxd.it/6T6zEl,3,,yes very classic romcom vibes and yes very cringe but also yes a lot of fun ,,2024-07-15
2024-08-01,Mamma Mia!,2008,https://boxd.it/70nzhN,5,Yes,"I WASNT JEALOUS BEFORE WE MET, NOW EVERY MAN THAT I SEE IS A POTENTIAL THREAT 👊👊",,2024-08-01
2024-08-07,Mamma Mia! Here We Go Again,2018,https://boxd.it/72KOqf,4,,really dumb like so stupid but you cant hate abba its too much fun ,,2024-08-05
2024-08-13,No Hard Feelings,2023,https://boxd.it/75CzqP,5,,UM WHY DID I FUCKING LOVE THIS 😭 abf singing and playing maneater on piano save me,,2024-08-12
2024-08-16,The Last Five Years,2014,https://boxd.it/76TYlt,3,,MEN AINT SHIT FUCK THEM ALL,,2024-08-16
2024-08-23,The Maze Runner,2014,https://boxd.it/7aa8wv,4,Yes,i would have a panic attack everyday if i lived there,,2024-08-22
2024-08-25,Maze Runner: The Scorch Trials,2015,https://boxd.it/7aTtK9,3,Yes,the way its called the scorch trials but there is in fact no trial of any sort (forever mad at how much they changed the book story line) ,,2024-08-24
2024-08-26,Maze Runner: The Death Cure,2018,https://boxd.it/7bht2p,4,Yes,ruined me as a 14 yr old and still ruins me today 😭,,2024-08-25
2024-08-27,Divergent,2014,https://boxd.it/7bVlfb,3,,"there will be no further explanation, there will only be DIVERGENT -> literally how i feel rn bc wtf was that plot ",,2024-08-26
2024-08-27,Insurgent,2015,https://boxd.it/7c8g4X,3,,peter you are a very confusing man. i like it ,,2024-08-26
2024-08-27,Allegiant,2016,https://boxd.it/7cb7EN,2,,"1 star for anything four did (esp the shower scene), 1/2 for peter bc hes hilarious, 1/2 for christina telling caleb not to touch her",,2024-08-26
2024-08-28,Challengers,2024,https://boxd.it/7cAItd,4.5,Yes,they all have a biting kink frrr ,,2024-08-27
2024-08-29,John Tucker Must Die,2006,https://boxd.it/7d05kj,3.5,,john tucker isnt even hot ,,2024-08-28
2024-08-30,Pitch Perfect,2012,https://boxd.it/7dbioP,5,Yes,"idc if you ""dont like musicals"" or whatever, if you give this anything less than 4 stars you are boring and not fun",,2024-08-29
2024-08-30,Pitch Perfect 2,2015,https://boxd.it/7deHS7,3.5,Yes,its not that good but i am an immature easily entertained and small minded girl that still found this funny,,2024-08-29
2024-08-30,Pitch Perfect 3,2017,https://boxd.it/7dphVL,2,Yes,i miss when pitch perfect was about acapella and not an aca-action ,,2024-08-29
2024-08-31,Whiplash,2014,https://boxd.it/7dP74z,5,Yes,hated each other and simultaneously matched each others freaks,train time,2024-08-30
2024-09-01,High School Musical 3: Senior Year,2008,https://boxd.it/7enlrb,5,Yes,movie so good even tiara and rocketmans existences don’t deduct stars,,2024-09-01
2024-09-03,Never Been Kissed,1999,https://boxd.it/7fiEoz,2,,IS THERE ONLY ONE CLUB IN THIS TOWN?????,,2024-09-02
2024-09-03,Baby Driver,2017,https://boxd.it/7fqQhV,4,Yes,yuppppp baby by justin bieber is canonically about baby,,2024-09-03
2024-09-04,Priscilla,2023,https://boxd.it/7fCC9n,3,,thats fucked up broo hes fucked uppp,,2024-09-03
2024-09-05,Diary of a Wimpy Kid: Dog Days,2012,https://boxd.it/7geMyD,3.5,Yes,dw rodrick id save you if you were drowning,,2024-09-04
2024-09-09,The First Time,2012,https://boxd.it/7i9dHj,3.5,Yes,crazy that this is all one weekend,background noise,2024-09-08
2024-09-10,American Assassin,2017,https://boxd.it/7iA90f,2,Yes,i suddenly remember why ive never rewatched this ,background noise,2024-09-09
2024-09-13,Glee: The Concert Movie,2011,https://boxd.it/7jHJED,2.5,,i just assumed this was a recording of the glee concerts no one told me i was gonna hear stories from some ppl ive never heard of,background noise,2024-09-12
2024-09-15,Everything Everywhere All at Once,2022,https://boxd.it/7kn6Z7,5,Yes,cried AT LEAST 10 times all before 1pm 👍🏻,"in theatres, i cry",2024-09-14
2024-09-15,Because I Said So,2007,https://boxd.it/7kFRKz,2.5,,messy ass film but i love gabriel macht and mandy moore too much ,,2024-09-14
2024-09-26,La La Land,2016,https://boxd.it/7ptSBp,5,Yes,lets start the mandela effect that the last 10 minutes of this don’t exist,background noise,2024-09-26
2024-10-01,Arrival,2016,https://boxd.it/7ryxYb,4,,already planning a rewatch bc it would most likely have a higher rating if i fully paid attention,background noise,2024-09-30
2024-10-04,Challengers,2024,https://boxd.it/7t2L1h,4.5,Yes,how many rewatches will it take me to stop thinking art and his pt are gonna kiss in that scene i wonder,background noise,2024-10-03
2024-10-15,Saturday Night,2024,https://boxd.it/7yAMvb,4,,"rachel sennott, dylan obrien, and andrew feldman are IT for me (they are the literal reason why i was so excited for this)",in theatres,2024-10-14
2024-10-17,Scream,1996,https://boxd.it/7zntWb,3.5,,LMAOOO the references of jamie lee curtis being a scream queen and then 19 years later ... legendary,,2024-10-16
2024-10-18,The Fall Guy,2024,https://boxd.it/7zSyyb,4,,loveee the club fight scene it’s so scott pilgrim coded,train time,2024-10-17
2024-10-31,Wizards of Waverly Place: The Movie,2009,https://boxd.it/7GJB99,5,Yes,OH OH OHH ITS MAGICCCC YOU KNOWWWWW,,2024-10-30
2024-11-01,The Rocky Horror Picture Show,1975,https://boxd.it/7HkVVV,5,Yes,DID I SEE A ROCKY HORROR PERFORMANCE WITH ALL THE ADLIBS AND PROPS ON HALLOWEEN? YES I DID,"in theatres, on stage",2024-10-31
2024-11-05,Scream 2,1997,https://boxd.it/7JuihP,3,,joel is so real (except at the end),,2024-11-04
2024-11-07,"Red, White & Royal Blue",2023,https://boxd.it/7KrUc7,4,Yes,alex claremont diaz and the texas strategy memo how i wish you were real ,,2024-11-06
2024-11-13,We Live in Time,2024,https://boxd.it/7NxVF9,4.5,,“i wish we could meet people organically” *runs into the middle of the street so i can get hit by a car*,in theatres,2024-11-12
2024-11-22,Wicked,2024,https://boxd.it/7ROMar,5,,"for the record i saw wicked on broadway in like 2012

objectively, this has flaws but idc",in theatres,2024-11-21
2024-11-28,The Hunger Games: The Ballad of Songbirds & Snakes,2023,https://boxd.it/7V0vkb,4.5,Yes,something about coryo always looks like he want that cookie so bad,background noise,2024-11-27
2024-12-16,Moulin Rouge!,2001,https://boxd.it/848AtJ,3.5,,this is a level of camp i didn’t know was even possible,,2024-12-15
2024-12-27,Inside Out 2,2024,https://boxd.it/8bnqd5,3,,"idk there’s some good moments but at the end of the day, i was kinda bored. i be like ennui sitting w the ipad",,2024-12-26
2024-12-28,Moulin Rouge!,2001,https://boxd.it/8cfl9F,3.5,Yes,the way this is shot is definitely a choice … that i really like,,2024-12-27
2024-12-30,Moulin Rouge!,2001,https://boxd.it/8dNRPP,4.5,Yes,"EL TANGO DE ROXANNE LIVE ON STAGE RAH RAH RAHHH

also lima ohio???? i know some mfers from lima ohio…",on stage,2024-12-29
2025-01-10,Everyone is Doing Great,2018,https://boxd.it/8p3jLl,3,,needed a one tree hill break between s8 and 9 (by watching a show w 2 oth actors),,2025-01-09
2025-01-19,Sixteen Candles,1984,https://boxd.it/8wMd3v,1,,uh no ... i literally watched this whole dumb movie just to see the last like 5 minutes and it was NOT worth it ,,2025-01-18
2025-01-19,Mr. & Mrs. Smith,2005,https://boxd.it/8wZtel,5,Yes,"""chickenshit""
""pussy""
iconic. this is nowhere near oscar worthy but it is cinema to me. ",,2025-01-18
2025-01-29,One of Them Days,2025,https://boxd.it/8ELzA7,4,,it REALLY was one of them days …,in theatres,2025-01-28
2025-02-28,A Walk to Remember,2002,https://boxd.it/8YxgAz,5,Yes,saw something on twitter that said this is getting a reboot so i immediately put it on to say and show that THIS DOES NOT NEED A REBOOT ITS PERFECT and NOTHING WILL BEAT IT. BACK AWAY GET OUT DONT TOUCH,i cry,2025-02-27
2025-03-14,Mickey 17,2025,https://boxd.it/97gfp3,3.5,,need all 18 of him (at the same time),in theatres,2025-03-13
2025-03-23,Puppy Love,2023,https://boxd.it/9cK1OX,2.5,,the pharmacist was so unhinged ,,2025-03-22
2025-03-24,Bottled with Love,2019,https://boxd.it/9dvoBV,3.5,Yes,"okay waittt couple things 
- during covid i probably watched like 100 or so hallmark films and my family and i all agreed this is one of the best ones 
- if the ending was less cringe i would give it 4 stars 
- why she still giving tutor girl 
- very much a cinderella story but with letters and emails but the oth actor is a girl whereas a cinderella story was a oth guy ",,2025-03-23
2025-03-25,Bride Wars,2009,https://boxd.it/9e2Wp1,3,,i foresaw the anne hathaway and bryan greenberg couple bc i too would go for my best friends brother if he was bryan greenberg ,,2025-03-24
2025-03-28,Back to the Future,1985,https://boxd.it/9fiGn5,4.5,Yes,are they not confused on how marty (85) looks like some random guy they met in 55 ????????????? ,background noise,2025-03-27
2025-03-29,Back to the Future Part II,1989,https://boxd.it/9fKHGD,4,Yes,maybe im over thinking the plot (it is in fact just a movie) but they keep saying “don’t interact” “you can’t know too much about your future” but quite literally do the opposite of that. and alsoooo like aren’t all the future events fluctuating like the future is not written so marty can just not grow up to be a certain way or raise his kids differently????????? anyway this movie is great but a lil confusing,background noise,2025-03-28
2025-03-30,Back to the Future Part III,1990,https://boxd.it/9gmB8V,3,Yes,when they switched and marty said great scott and doc said this is heavy >>>,background noise,2025-03-29
2025-03-30,The Gorge,2025,https://boxd.it/9gIJaJ,3,,visually? beautiful. conceptually? pretty cool. actual storyline? not the greatest. had me in the first half and i was interesting in the infected beings (last of us fan) but not a fan of monster hunting and the action sequence were meh,,2025-03-29
2025-03-31,Knives Out,2019,https://boxd.it/9hriYn,4.5,,i was like why is he helping her WHY IS HE HELPING HERRRR??!?!?!! and that’s when i knew,,2025-03-30
2025-04-01,Death of a Unicorn,2025,https://boxd.it/9hRM5p,2.5,,“this is a horrible use of our time” he says while carrying a grandfather clock to hold a door shut,in theatres,2025-03-31
2025-04-07,Glass Onion,2022,https://boxd.it/9lngkj,4,,aka blanc rants about how he hates dumb rich people for 140 mins,,2025-04-06
2025-04-11,Snow White,2025,https://boxd.it/9ngAH7,1.5,,"OK NGL: there WERE things i liked about this (rachel zegler, andrew burnap, some cinematography was really beautiful) but more things i didn’t like (gal gadot, the cgi, the way this was all cut together, the bob, and it was overall boring). but i’m most surprised that her legal name is literally … snow white?????",in theatres,2025-04-10
2025-04-29,Past Lives,2023,https://boxd.it/9y4rT9,4.5,,there’s smt so NOT hollywood perfect about this movie that makes it so real and honest and beautiful like a true depiction of some story in real life (celine and justin wtf is going on in ur lives),i cry,2025-04-28
2025-05-04,Star Wars: Episode I – The Phantom Menace,1999,https://boxd.it/9B0gvp,2,,this was boring as fuck good thing this trilogy wasnt released first bc no one wouldve cared to see the rest ,,2025-05-03
2025-05-07,Star Wars: Episode II – Attack of the Clones,2002,https://boxd.it/9CP8pT,2.5,,need someone to protect me like how obiwan dived into a window without hesitation which sent him falling a million feet to the ground ,,2025-05-06
2025-05-07,Star Wars: Episode III – Revenge of the Sith,2005,https://boxd.it/9D2P2z,4,,"its funny and crazy how all these OLD MEN can do so many flips and tricks

and the friend/brothership breakup UGH 💔💔💔",,2025-05-06
2025-05-08,Solo: A Star Wars Story,2018,https://boxd.it/9DlvtX,1.5,,i was bored and literally didn’t pay attention until the last like 15 mins but i guess the ending made it worth it???????,background noise,2025-05-07
2025-05-09,Rogue One: A Star Wars Story,2016,https://boxd.it/9E0EFZ,4,Yes,"i wasnt sure if me at 13 yrs old watching this for the first time as a mediocre sw fan thought this was ""good"" bc i didnt know any better but im happy to say this was actually fucking sick. ",,2025-05-08
2025-05-10,Star Wars,1977,https://boxd.it/9EfWrB,3.5,Yes,better than i remember. the story (esp the first half) is mid but the characters and quips 100% make up for it. i get why people thought this was revolutionary in 1977 ,,2025-05-09
2025-05-11,The Empire Strikes Back,1980,https://boxd.it/9FbgdN,4.5,Yes,i dont remember yoda being crazy like that omg he canonically went insane from being in hiding for so long ,,2025-05-10
2025-05-13,Return of the Jedi,1983,https://boxd.it/9GmVcR,4.5,Yes,"“they think im some sort of god” 

*luke trying to hold in a laugh* ",,2025-05-12
2025-05-15,Star Wars: The Force Awakens,2015,https://boxd.it/9H4xWz,3,Yes,"move, ball 

(i really REALLY wanted to rate this higher but i feel like so much of it is out of character / out of canon / just not true star wars and im confused on wtf disney did to sw) ",,2025-05-14
2025-05-15,Star Wars: The Last Jedi,2017,https://boxd.it/9HqCxt,3,Yes,"red throne room fight & the last 20ish minutes: 😁👍🏻

basically the rest of the movie: 😴",,2025-05-14
2025-05-17,Star Wars: The Rise of Skywalker,2019,https://boxd.it/9I8qLV,1,Yes,"this is so diabolical in every way - diabolically stupid, diabolically annoying, diabolically weird, diabolically doesn’t make any sense, diabolically useless, diabolically a waste of my time",,2025-05-16
2025-05-17,Star Wars: The Clone Wars,2008,https://boxd.it/9IrZ7p,2.5,,love anakin and ahsoka bonding time (ik the tv show is better but i just cant commit to 7 seasons),,2025-05-16
2025-05-18,A Simple Favor,2018,https://boxd.it/9J5OYx,3.5,,i dont even know what happened i just wish they menage a trois'd,,2025-05-17
2025-05-19,Another Simple Favor,2025,https://boxd.it/9JDZKT,1.5,,"what’s next, a motherfucker????",,2025-05-18
2025-05-20,When Harry Met Sally...,1989,https://boxd.it/9KomKf,5,,enemies to friends to lovers perfection ,,2025-05-19
2025-05-21,Sinners,2025,https://boxd.it/9KT9K9,4,,dance scene was fire (literally),in theatres,2025-05-20
2025-05-22,Jumper,2008,https://boxd.it/9LsBhJ,3.5,,this contains so many things i typically like about movies so slightly embarrassed to say i thought this was pretty decent 😭 hayden rachel and the fray … this is so 2000s core,,2025-05-21
2025-05-23,Trainspotting,1996,https://boxd.it/9M04dR,4,,this was sick. and it made me feel sick (in many ways more than one).,,2025-05-22
2025-05-25,T2 Trainspotting,2017,https://boxd.it/9MV3Y7,3,,veronica clocking that she’s the third wheel was an insane read,,2025-05-24
2025-05-25,Worth the Wait,2025,https://boxd.it/9N1ANX,2.5,,"“she’s not just some girl, dad” okayyy pack it up bro",,2025-05-24
2025-05-25,Eternal Sunshine of the Spotless Mind,2004,https://boxd.it/9NkLNn,4.5,,i wish i knew how to ~forget~ you,i cry,2025-05-24
2025-05-28,Grease,1978,https://boxd.it/9PcbDt,3.5,Yes,the epitome of men vs women is that the man would just throw a sweater over his regular outfit and the woman would wear something completely new,,2025-05-27
2025-05-28,Grease 2,1982,https://boxd.it/9Pq0pj,3.5,,this to me is giving more high school musical and teen beach movie than it is grease (half the reason i watched this is bc julian baker from one tree hill loves it),,2025-05-27
2025-05-30,Notting Hill,1999,https://boxd.it/9Qwm1p,3,,he’s soooo y/n,,2025-05-29
2025-05-31,Step Up,2006,https://boxd.it/9R2uCH,4,,final dance was fire but there is no way everyone wouldve cheered like that when she changed the dance back,,2025-05-30
2025-06-01,Step Up 2: The Streets,2008,https://boxd.it/9RziFl,2.5,,soundtrack slaps but not enough harry shum jr,,2025-05-31
2025-06-02,Step Up 3D,2010,https://boxd.it/9SfOol,2.5,,bro ditched his best friend and followed a random guy into a creepy warehouse after knowing him for 1 minute,,2025-06-01
2025-06-02,Step Up Revolution,2012,https://boxd.it/9Szj9p,3,,"you’ll NEVER guess how she pronounced gala 

(acting sucked but the dances were cool and the story was decently intriguing)",,2025-06-01
2025-06-03,Step Up All In,2014,https://boxd.it/9Tcyl9,2,,connect the dots sister 💅,,2025-06-02
2025-06-04,But I'm a Cheerleader,1999,https://boxd.it/9TKmtt,3.5,,"if ‘mothers domineering the house’ is a root, i’m gay as fuck (happy pride month)",,2025-06-03
2025-06-06,One Direction: This Is Us,2013,https://boxd.it/9UGWkj,5,Yes,"so baby if you say you want me to drive to KFC

i love chicken",background noise,2025-06-05
2025-06-06,Dead Poets Society,1989,https://boxd.it/9UQasf,5,,they are very much giving dalton academy from glee. like obviously the uniforms/blazers but they’re also just as gay as dalton. i wonder if they have welton academy warblers.,i cry,2025-06-05
2025-06-08,I Am Love,2009,https://boxd.it/9VSIsV,3.5,,"SO FREAKYYYY, i was locked tf in after sanremo",,2025-06-07
2025-06-08,A Bigger Splash,2015,https://boxd.it/9W6yfv,3.5,,we all know (and love [and hate]) a harry,,2025-06-07
2025-06-09,Call Me by Your Name,2017,https://boxd.it/9WR06X,4,,i love fucking pea- i mean i fucking love peaches,,2025-06-08
2025-06-10,Suspiria,2018,https://boxd.it/9Xt8HD,4,,i have nothing to write as a review bc most of my thoughts in this were URGH or AHHH or OH GROSS or NONONO STOP or something along those lines,,2025-06-09
2025-06-12,While You Were Sleeping,1995,https://boxd.it/9YmI3z,4.5,,sandy cohen if he lived in chicago instead of the oc and was (lowkey) an asshole,,2025-06-11
2025-06-12,Bones and All,2022,https://boxd.it/9YBWQl,4.5,,the greatest act of love is to eat <3,,2025-06-11
2025-06-13,Challengers,2024,https://boxd.it/9YZa3X,4.5,Yes,what gets me is when lily said her grandma couldn’t have any pancakes bc she’s old,background noise,2025-06-12
2025-06-13,Queer,2024,https://boxd.it/9ZbxqJ,3,,i am confused tbh but what i do know is that i love drew starkey,,2025-06-12
2025-06-14,Bedtime Stories,2008,https://boxd.it/9ZFzZB,3,Yes,this is one of those weird movies that is marketed like it’s for kids but it’s actually full of really odd inappropriate jokes (average adam sandler humour). like i loved this as a kid but i definitely had no idea what was going on so i’m seeing it so differently now,,2025-06-13
2025-06-15,Materialists,2025,https://boxd.it/a0hbVB,4.5,,this felt so simply (and beautifully) shot but i think it showed how true chemistry can been seen and sensed without any bs or movie magic. real chemistry just happens - it’s simple when it’s natural. im in love w you celine,in theatres,2025-06-14
2025-06-16,Sleepless in Seattle,1993,https://boxd.it/a11JyX,3.5,,guys what if they get to know each other and then dont like each other ,,2025-06-15
2025-06-18,Bridesmaids,2011,https://boxd.it/a2iouX,4.5,,i support that crash out,train time,2025-06-17
2025-06-26,Can't Buy Me Love,1987,https://boxd.it/a7xhYB,2.5,,theres something so ... unconvicing and stupid about this that i cant put my finger on,,2025-06-25
2025-06-30,Tangled,2010,https://boxd.it/aarfeh,5,Yes,rapunzel leaves the house ONCE and meets ONE man and finds a husband... UMMMM teach me your ways girly ,,2025-06-29
2025-07-02,Fantastic Four,2005,https://boxd.it/abLGox,3.5,,"all ive heard before is ""this movie is so bad blah blah blah"" but i thought this was pretty okay?? jessica alba is hot af and chris evans is funny what else can a girl ask for",,2025-07-01
2025-07-03,Fantastic Four: Rise of the Silver Surfer,2007,https://boxd.it/acoUtz,2,,ok yeah this is ass ... at least everyone is hot (even jessica alba in that horrendous wig) ,,2025-07-02
2025-07-04,Fantastic Four,2015,https://boxd.it/acKQGX,0.5,Yes,"oh my god there is so many things wrong with this movie 
- stop making superhero movies so dark and serious (esp FF) 
- why is sues hair different in every scene
- the storyline is just stupid 
- johnny is not funny (chris evans johnny >>) 
- wheres my dysfunctional family
... just to name a few points",,2025-07-03
2025-07-04,A Nice Indian Boy,2024,https://boxd.it/acXAFZ,4.5,,a date singing in the middle of the street on the first date would also freak me tf out … but then immediately find it too charming bc i love a good jam sesh,in theatres,2025-07-03
2025-07-05,About Time,2013,https://boxd.it/adq3of,4.5,,"i was hardcore judging the time travel aspect of this for about 20 mins bc (as a girl who has watched too many sci fi things) it ""didnt make sense"" and ""what are the logistics i dont get it"" and ""how does this affect the rest of the people or events???"" but realized that that is not what this film is about at all. this is about family, the little things, redheads, and love, and life",i cry,2025-07-04
2025-07-06,Date Night,2010,https://boxd.it/aefDAj,4,,HE TURNED THE GUN SIDEWAYS!!!!!!!,,2025-07-05
2025-07-08,Chicago,2002,https://boxd.it/afTsHx,4.5,,CHICAGOOOOO CHICA- oh thats not... but they live in... fine ,background noise,2025-07-06
2025-07-08,Confessions of a Teenage Drama Queen,2004,https://boxd.it/afXawT,2.5,,accurate depiction of the delusions of a fangirl ,,2025-07-07
2025-07-10,The Princess Bride,1987,https://boxd.it/agYjeF,4,,WHY DID THEY TUMBLE DOWN THE HILL LIKE THAT 😭😭,,2025-07-08
2025-07-10,Wimbledon,2004,https://boxd.it/ahlj0T,4.5,,challengers but grass court. and less throuples. (i thought julian baker from oth was gonna be mj's bf and that with vision wouldve been awesome) ,,2025-07-09
2025-07-11,When a Man Loves a Woman,1994,https://boxd.it/ai2B17,4.5,,when the crazy opening scene turns into one of the most devastating heartwrenching movies ive ever seen,i cry,2025-07-10
2025-07-14,KPop Demon Hunters,2025,https://boxd.it/ak8Jhd,4,,"ah the three types of girls: people pleaser, deadpan and blunt, and secretive over achiever ",,2025-07-13
2025-07-15,Freaky Friday,2003,https://boxd.it/alcylv,4.5,,i think cmm here is weirder (behaviour and look wise) than all SIX (6) of his seasons in one tree hill and he was annoying and horrible as fuck in oth ,,2025-07-14
2025-07-16,Zootopia,2016,https://boxd.it/alY9w5,3.5,Yes,flash⚡️ flash💥 hundred yard dash🏃‍♀️ (this is unfortunately worse than i remember :( ),,2025-07-15
2025-07-17,Bring It On,2000,https://boxd.it/amwvxx,4,Yes,everyone is either gay or VERY closeted ,,2025-07-16
2025-07-17,Bring It On Again,2004,https://boxd.it/amGxt3,1.5,,"- everyone is annoying 
- the cheers aren’t memorable (nothing beats brr it’s cold in here)
- there’s no way those losers learned cheer level lifts and flips in that time
- tanorexic is such a 2000s diss no one would get away with that these days i love it",,2025-07-16
2025-07-18,Bring It On: All or Nothing,2006,https://boxd.it/annbqH,3,,"britney = diverse queen. soundtrack = banger after banger. krumping = horribly named but fun. and of course, rihanna = fuck yeah. ",,2025-07-17
2025-07-19,Bring It On: In It to Win It,2007,https://boxd.it/anYd2V,2,,this was ruined 7 mins in when i saw penn aka felix from one tree hill … but the final cheer with the roller coaster mm yeah,,2025-07-18
2025-07-20,Bring It On: Fight to the Finish,2009,https://boxd.it/aoUWtD,1.5,,the jaguars colours were so fugly i wouldve made them lose just bc of that ,,2025-07-19
2025-07-21,Bring It On: Worldwide #Cheersmack,2017,https://boxd.it/apz7dV,0.5,,destinys gotta be the most insufferable character ever. i was waiting for someone to humble her sorry ass,,2025-07-20
2025-07-21,Bring It On: Cheer Or Die,2022,https://boxd.it/apQKnz,2,,"<i>“it has to be the old school”</i>
<i>“dude that place has salmonella”</i>
<i>“it’s okay you can take a pepto”</i>

cheer meets scream queens which i kinda love LOL and fighting via cheer maneuvers to confident by demi?? it doesn’t get more camp than that",,2025-07-20
2025-07-22,D.E.B.S.,2004,https://boxd.it/aqEr5B,4.5,,those skirts make their legs look SO good and it’s (canonically) why debs are great spies (everyone gets distracted by their legs),,2025-07-21
2025-07-23,She's the Man,2006,https://boxd.it/arpSbv,5,Yes,and they were roommates (a+ soundtrack i love the all american rejects),,2025-07-22
2025-07-24,The Breakfast Club,1985,https://boxd.it/asaewx,4.5,Yes,its okay brian i love you <3 ,,2025-07-23
2025-07-25,Monte Carlo,2011,https://boxd.it/asXFHb,3.5,,so basically ive never met any amazing hot guys bc ive never had a euro girl summer (or been to europe in the first place),,2025-07-24
2025-07-26,The Nanny Diaries,2007,https://boxd.it/atDtB5,3,,debating if the narration and museum displays were specifically trying to emulate spaceship earth in epcot ... bc thats definitely what its giving,,2025-07-25
2025-07-27,Confessions of a Shopaholic,2009,https://boxd.it/auHJwd,4,Yes,this was probably not the best choice of movie for the night after spending too much money during the day (but not in a shopaholic type way i promise more like a lets go out for brunch AND dinner type way) bc now i’m thinking about my credit card balance and if it’s really necessary to buy all that,,2025-07-26
2025-07-28,Booksmart,2019,https://boxd.it/avhXBX,3.5,,there’s just no way no one fell in love with kaitlyn dever after they heard her sing,,2025-07-27
2025-07-28,When in Rome,2010,https://boxd.it/avEWIT,4,,"girl there is actually a very fast and simple solution to this - it’s called a restraining order

also i am traumatized from that heart scene bc … <a href=""https://youtu.be/WzPDEirVTZk?si=6LxkU-2h5A1RCbq2"" title=""yknow "">yknow </a>",,2025-07-27
2025-07-29,He's Just Not That Into You,2009,https://boxd.it/awv4XB,3,Yes,"<i>“you are MY exception”</i> 😭

i LOVE gigi/alex and beth/neil but the rest of you i just don’t really care about or you’re committing too many illegal activities",,2025-07-28
2025-07-30,The Fantastic 4: First Steps,2025,https://boxd.it/axeNjh,4,,"<i>""i herald … galactus""<i>

ben literally carries the team and almost the entire movie. he said yes i do the cooking yes i do the cleaning. he’s like barbie.",in theatres,2025-07-29
2025-07-31,Death Becomes Her,1992,https://boxd.it/ay5KZl,4.5,,this has definitely only become more relevant with time and that is so scary to me ,,2025-07-30
2025-08-01,The Rules of Attraction,2002,https://boxd.it/ayQxEX,2.5,,"i’m not gonna lie i still don’t know the rules of attraction other than that i am attracted to this cast of 2000s perfection

(i’m sorry i just realllyyy don’t think i understood this movie)",,2025-07-31
2025-08-02,"I, Tonya",2017,https://boxd.it/azjhPN,4.5,,everyone is just a little bit (or a lot a bit) evil in this and i support that (in the sense that human beings do generally have negative intrusive thought that we regret),,2025-08-01
2025-08-03,No Hard Feelings,2023,https://boxd.it/aAmZ6R,5,Yes,i think this may be becoming one of my comfort films - a great laugh but also cute and meaningful ending,,2025-08-02
2025-08-05,The Perks of Being a Wallflower,2012,https://boxd.it/aC8yop,4.5,Yes,if the truth or dare party scene happened to me i would rather simply pass away than show my face anywhere. that is now my greatest fear,i cry,2025-08-04
2025-08-06,The Cheetah Girls,2003,https://boxd.it/aCUlox,4,,“looks like toto is not in kansas anymore” is honestly an insanely good hook but so uncalled for???,,2025-08-05
2025-08-09,The Cheetah Girls 2,2006,https://boxd.it/aEyUtV,4.5,,"no but galleria was so real, they went to barcelona for the festival and no one was rehearsing ",,2025-08-08
2025-08-10,The Cheetah Girls: One World,2008,https://boxd.it/aFsHRR,2.5,,why are they saying “going to the other side of the world?!?” like it’s such a crazy idea when they already crossed the ocean for spain in the other summer,,2025-08-09
2025-08-11,My Old Ass,2024,https://boxd.it/aGOfz9,4,,"""i go to u of t!!"" said like a billion people ever",,2025-08-10
2025-08-12,She's Out of My League,2010,https://boxd.it/aHz5Jn,3.5,Yes,patty's facial expressions at the air show event is soooo me,,2025-08-11
2025-08-15,Gilmore Girls: A Year in the Life,2016,https://boxd.it/aJxBmz,3,,"WHY DO THEY LIKE CHEATING SO MUCH IN THIS SHOW

WINTER (3.5 <3): i sobbed and sobbed and sobbed and sobbed at the funeral. i CANNOT BELIEVE theyre breaking up paris and doyle </3 (maybe it was smt about the actors schedule but still) and kept lane and zach. and the whole paul thing is the exact reason i don’t like rory and lorelai sometimes like they think it’s DIABOLICAL how someone could hate them but they treat people like shit so duh?!???! 

SPRING (2.5): once again rory gilmore passing up (fucking up) a great job bc she’s “too good” for them. fucking pmo. i cant believe this was released in 2016 with all those comments on gay pride … like i guess they weren’t necessarily homophobic or anything but they still felt uncomfortable and inappropriate. tristan sneak (but not cmm) 

SUMMER (2): this episode was so full of … nothing ???? i knew this was gonna be bad in the first minute when they were judging everyone at the pool. the musical was funny and i love a musical but it also had no purpose. i truly believe michel would not leave the inn idk why they are trying to do this story of everyone leaving. rory idk she pisses me off for no reason at this point sorry. i don’t understand the ending??? what is lorelai doing and wtf is this hike? she doesn’t hike and never talked about doing this hike what is going awnnnn. ps hi jess :) 

FALL (4 <3): first half was kinda brutal bc i still dont understand the hiking thing but this had soo many great appearances. the wedding, the book, the full circle. it was great.",,2025-08-14
2025-08-15,Wild Child,2008,https://boxd.it/aJDRgp,3.5,,admittedly i am constantly a victim of sula (sweaty upper lip alert) ,,2025-08-14
2025-08-17,Ice Princess,2005,https://boxd.it/aKLROV,3.5,,science solves everything !!!! 🤓☝🏻,,2025-08-16
2025-08-18,Pretty in Pink,1986,https://boxd.it/aLDoFD,2.5,,i know that blane was a good guy at the end of the day but he was fucking rude at the beginning of the first date like i think andie should’ve left,,2025-08-17
2025-08-18,You've Got Mail,1998,https://boxd.it/aLLVoL,4.5,,UGH chemistry was so on point BUT joe kinda strung her along for a bit too long (-1 star) but then the friendship building and ending is still good (+0.5 star),,2025-08-17
2025-08-18,The Virgin Suicides,1999,https://boxd.it/aM5oGn,4,,that dude leaving her on the field was FUCKED. ABSOLUTELY FUCKED. FUCK HIM,,2025-08-17
2025-08-19,Fantastic Mr. Fox,2009,https://boxd.it/aMOpXJ,4,,“am i being flirted with by a psychotic rat?” will be my new line at the bar,,2025-08-18
2025-08-20,Drive,2011,https://boxd.it/aNtw3Z,3.5,,"baby driver meets the fall guy (or rather baby driver is drive minus the fall guy and the fall guy is drive minus baby driver)

i think this was visually amazing and the music/score/soundtrack is sick (probably better than baby driver imo) but the <i>lack of<i/> script lost me at times",,2025-08-19
2025-08-21,Superbad,2007,https://boxd.it/aO8NuF,4.5,,SPREAD YOUR SHIT!!! I AM THE LAW!,,2025-08-20
2025-08-22,10 Things I Hate About You,1999,https://boxd.it/aOy46F,5,Yes,theres a mini side storyline of allison janney (the guidance counselor named ms <i>perky<i/>) writing $mut at her desk like wtf girl ... gimme your ao3,,2025-08-21
2025-08-22,She's All That,1999,https://boxd.it/aONye5,3.5,Yes,i thought laney was gonna fall through the stairs when she walked down but i forgot thats not another teen movie HAHA,background noise,2025-08-21
2025-08-23,The Map That Leads to You,2025,https://boxd.it/aPoztT,3,,TWO WEEKS?!? they doing allat after TWO weeks???,"train time, i cry",2025-08-22
2025-09-01,Wicked,2024,https://boxd.it/aVKaa1,5,Yes,"as someone who used to have a school uniform, i’m just confused on how/why some people are in uniform and other people are soooo out of uniform like that would’ve pmo in school",background noise,2025-08-31
2025-09-02,Zombieland,2009,https://boxd.it/aWqtLJ,4.5,,aka woody harrelson’s great hunt for twinkies,,2025-09-01
2025-09-02,Zombieland: Double Tap,2019,https://boxd.it/aWEkYd,3.5,,"zoey deutch / madison was so annoying but one of funniest moments to me has to be ""sally tally"" and ""salty taffy""",,2025-09-01
2025-09-03,The Roses,2025,https://boxd.it/aX8gxd,4,,“i hate my partner” final bosses,in theatres,2025-09-02
2025-09-04,Stay the Night,2022,https://boxd.it/aXPeql,4.5,,the first time 2012s older better sister that was actually real and felt super genuine and tackled an insecurity in a realistic but enticing way. it also felt like it touched on an asian canadian woman’s perspective of this insecurity without blatantly pointing it out (imo as an asian canadian [torontonian] girl),,2025-09-03
2025-10-04,Taylor Swift | The Official Release Party of a Showgirl,2025,https://boxd.it/bfNxH9,3.5,,"<a href=""https://x.com/ashsossies/status/1974228351679176936"">this def made me like / appreciate the album more but it’s still … good!</a> (fate of ophelia mv is sick tho cant wait to see it again once it’s on yt)",in theatres,2025-10-03
2025-11-02,Girl vs. Monster,2012,https://boxd.it/bzr7yL,3.5,,ik olivia holt is the mc (she’s fearless!) but kat mcnamara slayedddd like they said fall down the stairs x amount of times and she said done!,,2025-10-31
2025-11-03,Cruel Intentions,1999,https://boxd.it/bAkXVd,4,,"watch this if you want to go through all the emotions til insanity

i understood the title 10 mins into the movie that’s how cruel the intentions were",,2025-11-02
2025-11-06,Thank You for Smoking,2005,https://boxd.it/bCl9gJ,3,,idc katie holmes slayed (as per usual),,2025-11-05
2025-11-07,First Daughter,2004,https://boxd.it/bCRiYz,2.5,,half of this wouldnt have happened if someone just gave her a key to her dorm ,,2025-11-06
2025-11-09,Twilight,2008,https://boxd.it/bElfP9,3,,vampire baseball is cuntyy,,2025-11-08
2025-11-11,The Twilight Saga: New Moon,2009,https://boxd.it/bFXnBf,2.5,,i like how jacob finds out hes a werewolf and decides to get a haircut like THATS when it was time to get a haircut?? not the fact that your hair is like down to your butt crack??,,2025-11-10
2025-11-16,The Twilight Saga: Eclipse,2010,https://boxd.it/bJlILb,2,,before this i thought rosalie was such a bitch for no fucking reason but now - queen shit. jacob is actually the worst mf alive,,2025-11-15
2025-11-17,The Twilight Saga: Breaking Dawn – Part 1,2011,https://boxd.it/bKaEcN,3,,"those baby names are soooo terrible get bella on ""white woman baby names"" tiktok",,2025-11-16
2025-11-21,The Twilight Saga: Breaking Dawn – Part 2,2012,https://boxd.it/bMG99l,2.5,,bella was so slay the entire movie and that whole sequence being the vision was cinema but the ending a thousand years montage was like an embedded tiktok edit and that kinda pissed me off,,2025-11-20
2025-11-22,Wicked: For Good,2025,https://boxd.it/bNgTkB,4.5,,i know this is sooo not the point of the movie but … just threesome cmon then everyone’s happy (and elphaba and glinda can stop denying) :D,"in theatres, i cry",2025-11-21
2025-11-23,Wicked,2024,https://boxd.it/bOcY0x,5,Yes,i suddenly realized that the beginning with the monkeys flying free is the end of wfg ... ,,2025-11-22
2025-11-30,Happiest Season,2020,https://boxd.it/bSrAc1,3,,"when the dad said he sunk his savings, he didn’t actually mean ALL his savings right?????? right!?!!????",background noise,2025-11-28
2025-12-01,A Very Jonas Christmas Movie,2025,https://boxd.it/bTKZQ3,3.5,,make home alone the musical real please (chloe bennet ily),background noise,2025-11-30
2025-12-25,Santa Buddies,2009,https://boxd.it/cdBfgl,,,the dog breakdancing was equally uncomfortable and fucking awesome (i never want to see it again),background noise,2025-12-24
2025-12-27,High School Musical,2006,https://boxd.it/cfWm1R,4.5,Yes,EVAPORATE TALL PERSON,,2025-12-26
2025-12-31,Marty Supreme,2025,https://boxd.it/cl4e5R,2.5,,"masterclass in hustling and rage baiting (ragebaited me so bad)

acting and soundtrack was great btw but i cannot get behind the story",in theatres,2025-12-30
2026-01-10,People We Meet on Vacation,2026,https://boxd.it/cy6A9n,3.5,,THE ENTIRE NEW ORLEANS ACT OHHHHHMYGOD CINEMA,,2026-01-09
2026-01-14,Ex Machina,2015,https://boxd.it/cCUvGn,5,Yes,YOU BET SHE CAN FUCK!!,background noise,2026-01-13
2026-01-16,Blue Valentine,2010,https://boxd.it/cEX8UP,3.5,,big fan of scenes where people chaotically yell at each other !,background noise,2026-01-15
2026-02-04,Zootopia 2,2025,https://boxd.it/cYUCFT,3.5,,i don’t understand why they built tundra town over the old reptile area like couldnt they just completely destroy and bulldoze it and then there would be no proof of it or any possibility of it being rediscovered… ik that’s so mean but me personally i would’ve had it GONE gone,in theatres,2026-02-03
2026-02-11,Send Help,2026,https://boxd.it/d56d2l,4.5,,i’m never going to my office workplace ever again that sequence was too much second hand embarrassment,in theatres,2026-02-10
2026-02-14,Miss Congeniality,2000,https://boxd.it/d7l35x,4.5,,gracie hart - THE girls girl of all time (very olivia dunham core iykyk),train time,2026-02-13
2026-02-22,Kokuho,2025,https://boxd.it/dfbMZn,4,,the dad was diabolical for what he did to shunsuke i would also leave,"in theatres, i cry",2026-02-21
2026-02-26,How to Make a Killing,2026,https://boxd.it/dj6lyP,3.5,,you could tell me glen powell and margaret qualley made out many times in this and i would believe you (can we talk about how becket can like control the lights or smt???? cortexiphan kid hello??),in theatres,2026-02-25
2026-03-19,The Mighty Ducks,1992,https://boxd.it/dA8D59,3,,charlie conway the ultimate wingman for his MOM,background noise,2026-03-18
2026-03-30,Ready or Not,2019,https://boxd.it/dKakN1,4,Yes,yeah no if my boyfriends family’s house looked like this i would be immediately sus,,2026-03-29
2026-03-30,Pitch Perfect,2012,https://boxd.it/dKjWRj,5,Yes,stoney baloney,,2026-03-29
2026-03-30,Pitch Perfect 2,2015,https://boxd.it/dKo5jN,3.5,Yes,flashlight nightmare scene,,2026-03-29
2026-04-01,Ready or Not 2: Here I Come,2026,https://boxd.it/dLZBCP,3.5,,"grace francesca pepper spray total eclipse of the heart fight - talented, brilliant, incredible, amazing, show stopping, spectacular, never the same, totally unique, completely not ever been done before, unafraid to reference or not reference, put it in a blender, shit on it, vomit on it, eat it, give birth to it",in theatres,2026-03-31
2026-04-02,Hoppers,2026,https://boxd.it/dMLGDJ,4,,this would be a good fringe concept i wonder how walter bishop would feel about this,,2026-04-01
2026-04-12,Mulan,1998,https://boxd.it/dVP5xX,4.5,Yes,mushu my icon,,2026-04-10
2026-04-23,The Devil Wears Prada,2006,https://boxd.it/e4M07v,5,Yes,literally fuck nate i hate when a man hates to see a woman succeed,,2026-04-21
2026-04-23,Avatar Aang: The Last Airbender,2026,https://boxd.it/e4M0LP,4,,toph is sooo me,,2026-04-21
2026-04-24,The Last Song,2010,https://boxd.it/e5WvI7,3,,i wasn’t really paying attention but everything just felt so fast like wdym ily??!?,background noise,2026-04-23
2026-04-29,Project Hail Mary,2026,https://boxd.it/e9SxVb,4.5,,i would say let’s all go to erid but i know humans would ruin that planet (bc of course we would),in theatres,2026-04-28
2026-04-30,The Greatest Showman,2017,https://boxd.it/eaFJyB,3,Yes,i think 14 year old me thought this was so good bc it had zendaya and zac efron singing together but 22 year old me has seen the light on how mid this is (rewrite the stars still slays),background noise,2026-04-29
2026-05-08,Send Help,2026,https://boxd.it/eh8Vyv,4.5,Yes,cant decide if i’d rather be bradley or linda or none or both (at the same damn time),background noise,2026-05-07
2026-05-12,Eternity,2025,https://boxd.it/ekKjtv,3,,i want to like both luke and larry but there is honestly so much not to like,"background noise, we flyin",2026-05-11
2026-05-12,Hairspray,2007,https://boxd.it/ekKkSV,4.5,Yes,much more unhinged than i remember,"we flyin, background noise",2026-05-11
2026-05-29,Superman,2025,https://boxd.it/eymxO1,3.5,,return of the comic book goofy!,"we flyin, background noise",2026-05-28
2026-06-17,Aladdin,2019,https://boxd.it/ePbeaR,2,,anyone else think all their eyes look a little crazy and scary???,,2026-06-16
2026-06-23,Avengers: Endgame,2019,https://boxd.it/eUd2Sh,4.5,Yes,marvel peak idc,,2026-06-21
2026-07-22,The Odyssey,2026,https://boxd.it/fn36IV,2.5,,idk if i’m stupid or just don’t know the epic or couldn’t see properly bc i saw this at the drive in but i could not follow the story… bet it was beautiful tho,,2026-07-21
2026-07-22,Obsession,2025,https://boxd.it/fn3Bgt,4,,freak for freak,,2026-07-22
2026-08-02,He's Just Not That Into You,2009,https://boxd.it/fAB63N,3,Yes,i feel like all the gigi alex advice doesn’t work anymore bc situationships exist now but idrc i kinda needed this,,2026-08-01
2026-08-17,Camp Rock 3,2026,https://boxd.it/fS9t9b,2,,every song is just a worse version of the original,,2026-08-16
